venture_id,name,sector,stage,status,repository_url,revenue_ytd,costs_mom,staff_count,blockers,next_action
FIN-001-GenixBank-Lite,Genixbank Lite,financial,planned,planned,https://github.com/Worldwidebro/fin-001-genixbank-lite,,,,
FIN-002-Credit-Repair-Automation,Credit Repair Automation,financial,planned,planned,https://github.com/Worldwidebro/fin-002-credit-repair-automation,,,,
FIN-003-AI-Boss-Hub-Lite,Ai Boss Hub Lite,financial,planned,planned,https://github.com/Worldwidebro/fin-003-ai-boss-hub-lite,,,,
FIN-004-GenixBanks-AI-Treasurer,Genixbanks Ai Treasurer,financial,planned,planned,https://github.com/Worldwidebro/fin-004-genixbanks-ai-treasurer,,,,
FIN-005-U-Haul-Rental-Affiliate,U Haul Rental Affiliate,financial,planned,planned,https://github.com/Worldwidebro/fin-005-u-haul-rental-affiliate,,,,
FIN-006-Tax-Prep-Filing-Services,Tax Prep Filing Services,financial,planned,planned,https://github.com/Worldwidebro/fin-006-tax-prep-filing-services,,,,
FIN-007-Business-Credit-Building,Business Credit Building,financial,planned,planned,https://github.com/Worldwidebro/fin-007-business-credit-building,,,,
FIN-008-Business-Formation-Services,Business Formation Services,financial,planned,planned,https://github.com/Worldwidebro/fin-008-business-formation-services,,,,
FIN-009-Crypto-Tax-Optimizer,Crypto Tax Optimizer,financial,planned,planned,https://github.com/Worldwidebro/fin-009-crypto-tax-optimizer,,,,
FIN-010-AI-Powered-Garbage-Collection,Ai Powered Garbage Collection,financial,planned,planned,https://github.com/Worldwidebro/fin-010-ai-powered-garbage-collection,,,,
FIN-011-Automated-Bookkeeping,Automated Bookkeeping,financial,planned,planned,https://github.com/Worldwidebro/fin-011-automated-bookkeeping,,,,
FIN-012-Invoice-Factoring-AI,Invoice Factoring Ai,financial,planned,planned,https://github.com/Worldwidebro/fin-012-invoice-factoring-ai,,,,
FIN-013-Charity-Donation-AI,Charity Donation Ai,financial,planned,planned,https://github.com/Worldwidebro/fin-013-charity-donation-ai,,,,
FIN-014-Expense-Tracker-AI,Expense Tracker Ai,financial,planned,planned,https://github.com/Worldwidebro/fin-014-expense-tracker-ai,,,,
FIN-015-Financial-Wellness-Coach,Financial Wellness Coach,financial,planned,planned,https://github.com/Worldwidebro/fin-015-financial-wellness-coach,,,,
FIN-016-Trade-Finance-AI,Trade Finance Ai,financial,planned,planned,https://github.com/Worldwidebro/fin-016-trade-finance-ai,,,,
FIN-017-Remittance-AI,Remittance Ai,financial,planned,planned,https://github.com/Worldwidebro/fin-017-remittance-ai,,,,
FIN-018-Wealth-Transfer-AI,Wealth Transfer Ai,financial,planned,planned,https://github.com/Worldwidebro/fin-018-wealth-transfer-ai,,,,
FIN-019-Payment-Gateway-AI,Payment Gateway Ai,financial,planned,planned,https://github.com/Worldwidebro/fin-019-payment-gateway-ai,,,,
FIN-020-Debt-Consolidation-AI,Debt Consolidation Ai,financial,planned,planned,https://github.com/Worldwidebro/fin-020-debt-consolidation-ai,,,,
FIN-021-Tax-Deduction-Finder,Tax Deduction Finder,financial,planned,planned,https://github.com/Worldwidebro/fin-021-tax-deduction-finder,,,,
FIN-022-Budget-Forecasting-AI,Budget Forecasting Ai,financial,planned,planned,https://github.com/Worldwidebro/fin-022-budget-forecasting-ai,,,,
FIN-023-Investment-Portfolio-AI,Investment Portfolio Ai,financial,planned,planned,https://github.com/Worldwidebro/fin-023-investment-portfolio-ai,,,,
FIN-024-Crowdfunding-AI,Crowdfunding Ai,financial,planned,planned,https://github.com/Worldwidebro/fin-024-crowdfunding-ai,,,,
FIN-025-Escrow-Automation,Escrow Automation,financial,planned,planned,https://github.com/Worldwidebro/fin-025-escrow-automation,,,,
FIN-026-Financial-Compliance-Scanner,Financial Compliance Scanner,financial,planned,planned,https://github.com/Worldwidebro/fin-026-financial-compliance-scanner,,,,
FIN-027-Patent-Writer-AI,Patent Writer Ai,financial,planned,planned,https://github.com/Worldwidebro/fin-027-patent-writer-ai,,,,
FIN-028-Legal-Analyzer-AI,Legal Analyzer Ai,financial,planned,planned,https://github.com/Worldwidebro/fin-028-legal-analyzer-ai,,,,
FIN-029-Compliance-Wallet-SaaS,Compliance Wallet Saas,financial,planned,planned,https://github.com/Worldwidebro/fin-029-compliance-wallet-saas,,,,
FIN-030-Local-SEO-Ranker-AI,Local Seo Ranker Ai,financial,planned,planned,https://github.com/Worldwidebro/fin-030-local-seo-ranker-ai,,,,
FIN-031-Investor-Dashboard-Builder,Investor Dashboard Builder,financial,planned,planned,https://github.com/Worldwidebro/fin-031-investor-dashboard-builder,,,,
FIN-032-Legal-Toolkit-AI,Legal Toolkit Ai,financial,planned,planned,https://github.com/Worldwidebro/fin-032-legal-toolkit-ai,,,,
FIN-033-AI-Tax-Preparation-Service,Ai Tax Preparation Service,financial,planned,planned,https://github.com/Worldwidebro/fin-033-ai-tax-preparation-service,,,,
FIN-034-Payroll-Automation,Payroll Automation,financial,planned,planned,https://github.com/Worldwidebro/fin-034-payroll-automation,,,,
FIN-035-Insurance-Underwriting-AI,Insurance Underwriting Ai,financial,planned,planned,https://github.com/Worldwidebro/fin-035-insurance-underwriting-ai,,,,
FIN-036-Arbitrage-Nexus-Platform,Arbitrage Nexus Platform,financial,growth,active,https://github.com/Worldwidebro/fin-036-arbitrage-nexus-platform,,,,
BW-001-Lash-Extension-Studio,Lash Extension Studio,beauty-wellness,validation,validation,https://github.com/Worldwidebro/bw-001-lash-extension-studio,,,,
BW-002-Mobile-Lash-Service,Mobile Lash Service,beauty-wellness,mvp,development,https://github.com/Worldwidebro/bw-002-mobile-lash-service,,,,
BW-003-Luxury-Lash-Bar,Luxury Lash Bar,beauty-wellness,validation,validation,https://github.com/Worldwidebro/bw-003-luxury-lash-bar,,,,
BW-004-Lash-Training-Academy,Lash Training Academy,beauty-wellness,validation,validation,https://github.com/Worldwidebro/bw-004-lash-training-academy,,,,
BW-005-Lash-Supply-Company,Lash Supply Company,beauty-wellness,mvp,development,https://github.com/Worldwidebro/bw-005-lash-supply-company,,,,
BW-006-Lash-Glue-Brand,Lash Glue Brand,beauty-wellness,validation,validation,https://github.com/Worldwidebro/bw-006-lash-glue-brand,,,,
BW-007-Lash-Kits-&-Tools,Lash Kits & Tools,beauty-wellness,mvp,development,https://github.com/Worldwidebro/bw-007-lash-kits-&-tools,,,,
BW-008-Private-Label-Lashes,Private Label Lashes,beauty-wellness,planned,planned,https://github.com/Worldwidebro/bw-008-private-label-lashes,,,,
BW-009-Franchise-Lash-Salons,Franchise Lash Salons,beauty-wellness,planned,planned,https://github.com/Worldwidebro/bw-009-franchise-lash-salons,,,,
BW-010-Online-Lash-Education,Online Lash Education,beauty-wellness,mvp,development,https://github.com/Worldwidebro/bw-010-online-lash-education,,,,
BW-011-Nail-Salon,Nail Salon,beauty-wellness,validation,validation,https://github.com/Worldwidebro/bw-011-nail-salon,,,,
BW-012-Mobile-Nail-Tech,Mobile Nail Tech,beauty-wellness,mvp,development,https://github.com/Worldwidebro/bw-012-mobile-nail-tech,,,,
BW-013-Luxury-Nail-Spa,Luxury Nail Spa,beauty-wellness,validation,validation,https://github.com/Worldwidebro/bw-013-luxury-nail-spa,,,,
BW-014-Press-On-Nail-Brand,Press On Nail Brand,beauty-wellness,mvp,development,https://github.com/Worldwidebro/bw-014-press-on-nail-brand,,,,
BW-015-Nail-Art-Studio,Nail Art Studio,beauty-wellness,validation,validation,https://github.com/Worldwidebro/bw-015-nail-art-studio,,,,
BW-016-Nail-Polish-Brand,Nail Polish Brand,beauty-wellness,mvp,development,https://github.com/Worldwidebro/bw-016-nail-polish-brand,,,,
BW-017-Nail-Care-Products,Nail Care Products,beauty-wellness,mvp,development,https://github.com/Worldwidebro/bw-017-nail-care-products,,,,
BW-018-Nail-Booking-Marketplace,Nail Booking Marketplace,beauty-wellness,planned,planned,https://github.com/Worldwidebro/bw-018-nail-booking-marketplace,,,,
BW-019-Salon-Management-Software,Salon Management Software,beauty-wellness,planned,planned,https://github.com/Worldwidebro/bw-019-salon-management-software,,,,
BW-020-AI-Nail-Design-Generator,Ai Nail Design Generator,beauty-wellness,planned,planned,https://github.com/Worldwidebro/bw-020-ai-nail-design-generator,,,,
BW-021-Hair-Salon,Hair Salon,beauty-wellness,validation,validation,https://github.com/Worldwidebro/bw-021-hair-salon,,,,
BW-022-Barbershop,Barbershop,beauty-wellness,validation,validation,https://github.com/Worldwidebro/bw-022-barbershop,,,,
BW-023-Mobile-Hairstyling,Mobile Hairstyling,beauty-wellness,mvp,development,https://github.com/Worldwidebro/bw-023-mobile-hairstyling,,,,
BW-024-Hair-Braiding-Studio,Hair Braiding Studio,beauty-wellness,validation,validation,https://github.com/Worldwidebro/bw-024-hair-braiding-studio,,,,
BW-025-Wig-Installation-Studio,Wig Installation Studio,beauty-wellness,validation,validation,https://github.com/Worldwidebro/bw-025-wig-installation-studio,,,,
BW-026-Hair-Extension-Salon,Hair Extension Salon,beauty-wellness,validation,validation,https://github.com/Worldwidebro/bw-026-hair-extension-salon,,,,
BW-027-Hair-Care-Line,Hair Care Line,beauty-wellness,mvp,development,https://github.com/Worldwidebro/bw-027-hair-care-line,,,,
BW-028-Wig-Brand,Wig Brand,beauty-wellness,mvp,development,https://github.com/Worldwidebro/bw-028-wig-brand,,,,
BW-029-Hair-Extensions-Brand,Hair Extensions Brand,beauty-wellness,mvp,development,https://github.com/Worldwidebro/bw-029-hair-extensions-brand,,,,
BW-030-Scalp-Treatment-Products,Scalp Treatment Products,beauty-wellness,validation,validation,https://github.com/Worldwidebro/bw-030-scalp-treatment-products,,,,
BW-031-Hair-Marketplace,Hair Marketplace,beauty-wellness,planned,planned,https://github.com/Worldwidebro/bw-031-hair-marketplace,,,,
BW-032-Stylist-Booking-Platform,Stylist Booking Platform,beauty-wellness,planned,planned,https://github.com/Worldwidebro/bw-032-stylist-booking-platform,,,,
BW-033-AI-Hairstyle-Simulator,Ai Hairstyle Simulator,beauty-wellness,planned,planned,https://github.com/Worldwidebro/bw-033-ai-hairstyle-simulator,,,,
BW-034-Salon-Franchise-Chain,Salon Franchise Chain,beauty-wellness,planned,planned,https://github.com/Worldwidebro/bw-034-salon-franchise-chain,,,,
BW-035-Makeup-Studio,Makeup Studio,beauty-wellness,validation,validation,https://github.com/Worldwidebro/bw-035-makeup-studio,,,,
BW-036-Bridal-Makeup-Service,Bridal Makeup Service,beauty-wellness,mvp,development,https://github.com/Worldwidebro/bw-036-bridal-makeup-service,,,,
BW-037-Mobile-Makeup-Artist,Mobile Makeup Artist,beauty-wellness,mvp,development,https://github.com/Worldwidebro/bw-037-mobile-makeup-artist,,,,
BW-038-Photoshoot-Makeup-Team,Photoshoot Makeup Team,beauty-wellness,validation,validation,https://github.com/Worldwidebro/bw-038-photoshoot-makeup-team,,,,
BW-039-Cosmetics-Brand,Cosmetics Brand,beauty-wellness,mvp,development,https://github.com/Worldwidebro/bw-039-cosmetics-brand,,,,
BW-040-Beauty-Tools-Brand,Beauty Tools Brand,beauty-wellness,mvp,development,https://github.com/Worldwidebro/bw-040-beauty-tools-brand,,,,
FH-001-Personal-Chef-Service,Personal Chef Service,food-hospitality,mvp,development,https://github.com/Worldwidebro/fh-001-personal-chef-service,,,,
FH-002-Meal-Prep-Delivery,Meal Prep Delivery,food-hospitality,mvp,development,https://github.com/Worldwidebro/fh-002-meal-prep-delivery,,,,
FH-003-Private-Dinner-Experiences,Private Dinner Experiences,food-hospitality,validation,validation,https://github.com/Worldwidebro/fh-003-private-dinner-experiences,,,,
FH-004-Catering-Company,Catering Company,food-hospitality,validation,validation,https://github.com/Worldwidebro/fh-004-catering-company,,,,
FH-005-Corporate-Lunch-Service,Corporate Lunch Service,food-hospitality,mvp,development,https://github.com/Worldwidebro/fh-005-corporate-lunch-service,,,,
FH-006-Healthy-Meal-Prep-for-Gyms,Healthy Meal Prep For Gyms,food-hospitality,mvp,development,https://github.com/Worldwidebro/fh-006-healthy-meal-prep-for-gyms,,,,
FH-007-Elderly-Meal-Service,Elderly Meal Service,food-hospitality,validation,validation,https://github.com/Worldwidebro/fh-007-elderly-meal-service,,,,
FH-008-Athlete-Nutrition-Service,Athlete Nutrition Service,food-hospitality,mvp,development,https://github.com/Worldwidebro/fh-008-athlete-nutrition-service,,,,
FH-009-Packaged-Food-Brand,Packaged Food Brand,food-hospitality,validation,validation,https://github.com/Worldwidebro/fh-009-packaged-food-brand,,,,
FH-010-Frozen-Meals-Company,Frozen Meals Company,food-hospitality,validation,validation,https://github.com/Worldwidebro/fh-010-frozen-meals-company,,,,
FH-011-Sauce-or-Seasoning-Brand,Sauce Or Seasoning Brand,food-hospitality,mvp,development,https://github.com/Worldwidebro/fh-011-sauce-or-seasoning-brand,,,,
FH-012-Protein-Snacks-Brand,Protein Snacks Brand,food-hospitality,mvp,development,https://github.com/Worldwidebro/fh-012-protein-snacks-brand,,,,
FH-013-Meal-Kit-Company,Meal Kit Company,food-hospitality,validation,validation,https://github.com/Worldwidebro/fh-013-meal-kit-company,,,,
FH-014-Cloud-Kitchen-,Cloud Kitchen ,food-hospitality,planned,planned,https://github.com/Worldwidebro/fh-014-cloud-kitchen-,,,,
FH-015-AI-Nutrition-Planner,Ai Nutrition Planner,food-hospitality,planned,planned,https://github.com/Worldwidebro/fh-015-ai-nutrition-planner,,,,
FH-016-Recipe-App,Recipe App,food-hospitality,mvp,development,https://github.com/Worldwidebro/fh-016-recipe-app,,,,
FH-017-Cooking-Content-Brand,Cooking Content Brand,food-hospitality,mvp,development,https://github.com/Worldwidebro/fh-017-cooking-content-brand,,,,
FH-018-Food-Influencer-Brand,Food Influencer Brand,food-hospitality,mvp,development,https://github.com/Worldwidebro/fh-018-food-influencer-brand,,,,
FH-019-Cooking-Course-Platform,Cooking Course Platform,food-hospitality,mvp,development,https://github.com/Worldwidebro/fh-019-cooking-course-platform,,,,
FH-020-Restaurant-POS-System,Restaurant Pos System,food-hospitality,planned,planned,https://github.com/Worldwidebro/fh-020-restaurant-pos-system,,,,
FH-021-Food-Truck-Business,Food Truck Business,food-hospitality,validation,validation,https://github.com/Worldwidebro/fh-021-food-truck-business,,,,
FH-022-Specialty-Coffee-Shop,Specialty Coffee Shop,food-hospitality,validation,validation,https://github.com/Worldwidebro/fh-022-specialty-coffee-shop,,,,
FH-023-Bakery-&-Pastry-Shop,Bakery & Pastry Shop,food-hospitality,validation,validation,https://github.com/Worldwidebro/fh-023-bakery-&-pastry-shop,,,,
FH-024-Juice-Bar,Juice Bar,food-hospitality,mvp,development,https://github.com/Worldwidebro/fh-024-juice-bar,,,,
FH-025-Ice-Cream-Shop,Ice Cream Shop,food-hospitality,validation,validation,https://github.com/Worldwidebro/fh-025-ice-cream-shop,,,,
FH-026-Gourmet-Food-Market,Gourmet Food Market,food-hospitality,validation,validation,https://github.com/Worldwidebro/fh-026-gourmet-food-market,,,,
FH-027-Food-Delivery-Platform,Food Delivery Platform,food-hospitality,planned,planned,https://github.com/Worldwidebro/fh-027-food-delivery-platform,,,,
FH-028-Restaurant-Management-SaaS,Restaurant Management Saas,food-hospitality,planned,planned,https://github.com/Worldwidebro/fh-028-restaurant-management-saas,,,,
FH-029-Food-Quality-Testing-Lab,Food Quality Testing Lab,food-hospitality,planned,planned,https://github.com/Worldwidebro/fh-029-food-quality-testing-lab,,,,
FH-030-Organic-Food-Brand,Organic Food Brand,food-hospitality,mvp,development,https://github.com/Worldwidebro/fh-030-organic-food-brand,,,,
FH-031-Vegan-Food-Company,Vegan Food Company,food-hospitality,mvp,development,https://github.com/Worldwidebro/fh-031-vegan-food-company,,,,
FH-032-Keto-Meal-Service,Keto Meal Service,food-hospitality,mvp,development,https://github.com/Worldwidebro/fh-032-keto-meal-service,,,,
FH-033-Food-Photography-Service,Food Photography Service,food-hospitality,mvp,development,https://github.com/Worldwidebro/fh-033-food-photography-service,,,,
FH-034-Restaurant-Consulting,Restaurant Consulting,food-hospitality,mvp,development,https://github.com/Worldwidebro/fh-034-restaurant-consulting,,,,
FH-035-Food-Safety-Training,Food Safety Training,food-hospitality,validation,validation,https://github.com/Worldwidebro/fh-035-food-safety-training,,,,
FS-001-Gym,Gym,fitness-sports,validation,validation,https://github.com/Worldwidebro/fs-001-gym,,,,
FS-002-Boutique-Fitness-Studio,Boutique Fitness Studio,fitness-sports,validation,validation,https://github.com/Worldwidebro/fs-002-boutique-fitness-studio,,,,
FS-003-Personal-Training-Studio,Personal Training Studio,fitness-sports,mvp,development,https://github.com/Worldwidebro/fs-003-personal-training-studio,,,,
FS-004-Women-Only-Gym,Women Only Gym,fitness-sports,validation,validation,https://github.com/Worldwidebro/fs-004-women-only-gym,,,,
FS-005-Boxing-Gym,Boxing Gym,fitness-sports,validation,validation,https://github.com/Worldwidebro/fs-005-boxing-gym,,,,
FS-006-CrossFit-Gym,Crossfit Gym,fitness-sports,validation,validation,https://github.com/Worldwidebro/fs-006-crossfit-gym,,,,
FS-007-Luxury-Fitness-Club,Luxury Fitness Club,fitness-sports,planned,planned,https://github.com/Worldwidebro/fs-007-luxury-fitness-club,,,,
FS-008-Online-Coaching,Online Coaching,fitness-sports,mvp,development,https://github.com/Worldwidebro/fs-008-online-coaching,,,,
FS-009-Personal-Trainer-Business,Personal Trainer Business,fitness-sports,mvp,development,https://github.com/Worldwidebro/fs-009-personal-trainer-business,,,,
FS-010-Transformation-Program,Transformation Program,fitness-sports,mvp,development,https://github.com/Worldwidebro/fs-010-transformation-program,,,,
FS-011-Athlete-Training-Company,Athlete Training Company,fitness-sports,validation,validation,https://github.com/Worldwidebro/fs-011-athlete-training-company,,,,
FS-012-Supplement-Brand,Supplement Brand,fitness-sports,mvp,development,https://github.com/Worldwidebro/fs-012-supplement-brand,,,,
FS-013-Fitness-Apparel,Fitness Apparel,fitness-sports,mvp,development,https://github.com/Worldwidebro/fs-013-fitness-apparel,,,,
FS-014-Workout-Equipment-Brand,Workout Equipment Brand,fitness-sports,validation,validation,https://github.com/Worldwidebro/fs-014-workout-equipment-brand,,,,
FS-015-Recovery-Products,Recovery Products,fitness-sports,mvp,development,https://github.com/Worldwidebro/fs-015-recovery-products,,,,
FS-016-Fitness-App,Fitness App,fitness-sports,mvp,development,https://github.com/Worldwidebro/fs-016-fitness-app,,,,
FS-017-AI-Personal-Trainer,Ai Personal Trainer,fitness-sports,planned,planned,https://github.com/Worldwidebro/fs-017-ai-personal-trainer,,,,
FS-018-Gym-Management-Software,Gym Management Software,fitness-sports,planned,planned,https://github.com/Worldwidebro/fs-018-gym-management-software,,,,
FS-019-Wearable-Analytics-Platform,Wearable Analytics Platform,fitness-sports,planned,planned,https://github.com/Worldwidebro/fs-019-wearable-analytics-platform,,,,
FS-020-Yoga-Studio,Yoga Studio,fitness-sports,validation,validation,https://github.com/Worldwidebro/fs-020-yoga-studio,,,,
FS-021-Pilates-Studio,Pilates Studio,fitness-sports,validation,validation,https://github.com/Worldwidebro/fs-021-pilates-studio,,,,
FS-022-Dance-Studio,Dance Studio,fitness-sports,validation,validation,https://github.com/Worldwidebro/fs-022-dance-studio,,,,
FS-023-Martial-Arts-Dojo,Martial Arts Dojo,fitness-sports,validation,validation,https://github.com/Worldwidebro/fs-023-martial-arts-dojo,,,,
FS-024-Sports-Performance-Center,Sports Performance Center,fitness-sports,planned,planned,https://github.com/Worldwidebro/fs-024-sports-performance-center,,,,
FS-025-Corporate-Wellness-Program,Corporate Wellness Program,fitness-sports,mvp,development,https://github.com/Worldwidebro/fs-025-corporate-wellness-program,,,,
LT-001-Truck-Dispatch-Company,Truck Dispatch Company,logistics-transport,validation,validation,https://github.com/Worldwidebro/lt-001-truck-dispatch-company,,,,
LT-002-Freight-Brokerage,Freight Brokerage,logistics-transport,validation,validation,https://github.com/Worldwidebro/lt-002-freight-brokerage,,,,
LT-003-Logistics-Dispatch-Service,Logistics Dispatch Service,logistics-transport,mvp,development,https://github.com/Worldwidebro/lt-003-logistics-dispatch-service,,,,
LT-004-Last-Mile-Delivery-Dispatch,Last Mile Delivery Dispatch,logistics-transport,mvp,development,https://github.com/Worldwidebro/lt-004-last-mile-delivery-dispatch,,,,
LT-005-Medical-Courier-Dispatch,Medical Courier Dispatch,logistics-transport,validation,validation,https://github.com/Worldwidebro/lt-005-medical-courier-dispatch,,,,
LT-006-Amazon,Amazon,logistics-transport,planned,planned,https://github.com/Worldwidebro/lt-006-amazon,,,,
LT-007-Construction-Dispatch,Construction Dispatch,logistics-transport,validation,validation,https://github.com/Worldwidebro/lt-007-construction-dispatch,,,,
LT-008-Towing-Dispatch,Towing Dispatch,logistics-transport,mvp,development,https://github.com/Worldwidebro/lt-008-towing-dispatch,,,,
LT-009-HVAC-Technician-Dispatch,Hvac Technician Dispatch,logistics-transport,mvp,development,https://github.com/Worldwidebro/lt-009-hvac-technician-dispatch,,,,
LT-010-Field-Service-Dispatch,Field Service Dispatch,logistics-transport,mvp,development,https://github.com/Worldwidebro/lt-010-field-service-dispatch,,,,
LT-011-Dispatch-Software,Dispatch Software,logistics-transport,planned,planned,https://github.com/Worldwidebro/lt-011-dispatch-software,,,,
LT-012-Fleet-Tracking-Platform,Fleet Tracking Platform,logistics-transport,planned,planned,https://github.com/Worldwidebro/lt-012-fleet-tracking-platform,,,,
LT-013-Logistics-Automation-System,Logistics Automation System,logistics-transport,planned,planned,https://github.com/Worldwidebro/lt-013-logistics-automation-system,,,,
LT-014-AI-Route-Optimization,Ai Route Optimization,logistics-transport,planned,planned,https://github.com/Worldwidebro/lt-014-ai-route-optimization,,,,
LT-015-Driver-Management-Platform,Driver Management Platform,logistics-transport,planned,planned,https://github.com/Worldwidebro/lt-015-driver-management-platform,,,,
LT-016-Trucking-Company,Trucking Company,logistics-transport,validation,validation,https://github.com/Worldwidebro/lt-016-trucking-company,,,,
LT-017-Courier-Service,Courier Service,logistics-transport,mvp,development,https://github.com/Worldwidebro/lt-017-courier-service,,,,
LT-018-Local-Delivery-Company,Local Delivery Company,logistics-transport,mvp,development,https://github.com/Worldwidebro/lt-018-local-delivery-company,,,,
LT-019-Moving-Company,Moving Company,logistics-transport,validation,validation,https://github.com/Worldwidebro/lt-019-moving-company,,,,
LT-020-Freight-Company,Freight Company,logistics-transport,validation,validation,https://github.com/Worldwidebro/lt-020-freight-company,,,,
LT-021-Warehouse-Company,Warehouse Company,logistics-transport,planned,planned,https://github.com/Worldwidebro/lt-021-warehouse-company,,,,
LT-022-Fulfillment-Center,Fulfillment Center,logistics-transport,mvp,development,https://github.com/Worldwidebro/lt-022-fulfillment-center,,,,
LT-023-Storage-Business,Storage Business,logistics-transport,validation,validation,https://github.com/Worldwidebro/lt-023-storage-business,,,,
LT-024-Distribution-Company,Distribution Company,logistics-transport,validation,validation,https://github.com/Worldwidebro/lt-024-distribution-company,,,,
LT-025-Logistics-Marketplace,Logistics Marketplace,logistics-transport,planned,planned,https://github.com/Worldwidebro/lt-025-logistics-marketplace,,,,
LT-026-Shipping-Platform,Shipping Platform,logistics-transport,planned,planned,https://github.com/Worldwidebro/lt-026-shipping-platform,,,,
LT-027-Fleet-Management-SaaS,Fleet Management Saas,logistics-transport,planned,planned,https://github.com/Worldwidebro/lt-027-fleet-management-saas,,,,
LT-028-Freight-AI-Optimization,Freight Ai Optimization,logistics-transport,planned,planned,https://github.com/Worldwidebro/lt-028-freight-ai-optimization,,,,
LT-029-Supply-Chain-Analytics,Supply Chain Analytics,logistics-transport,planned,planned,https://github.com/Worldwidebro/lt-029-supply-chain-analytics,,,,
LT-030-Cold-Chain-Logistics,Cold Chain Logistics,logistics-transport,validation,validation,https://github.com/Worldwidebro/lt-030-cold-chain-logistics,,,,
PS-001-Business-Consulting,Business Consulting,professional-services,mvp,development,https://github.com/Worldwidebro/ps-001-business-consulting,,,,
PS-002-Legal-Services,Legal Services,professional-services,validation,validation,https://github.com/Worldwidebro/ps-002-legal-services,,,,
PS-003-Accounting-Services,Accounting Services,professional-services,mvp,development,https://github.com/Worldwidebro/ps-003-accounting-services,,,,
PS-004-HR-Consulting,Hr Consulting,professional-services,validation,validation,https://github.com/Worldwidebro/ps-004-hr-consulting,,,,
PS-005-Marketing-Agency,Marketing Agency,professional-services,mvp,development,https://github.com/Worldwidebro/ps-005-marketing-agency,,,,
PS-006-Web-Design-Agency,Web Design Agency,professional-services,mvp,development,https://github.com/Worldwidebro/ps-006-web-design-agency,,,,
PS-007-IT-Support-Services,It Support Services,professional-services,mvp,development,https://github.com/Worldwidebro/ps-007-it-support-services,,,,
PS-008-Virtual-Assistant-Service,Virtual Assistant Service,professional-services,mvp,development,https://github.com/Worldwidebro/ps-008-virtual-assistant-service,,,,
PS-009-Bookkeeping-Service,Bookkeeping Service,professional-services,mvp,development,https://github.com/Worldwidebro/ps-009-bookkeeping-service,,,,
PS-010-Tax-Preparation-Service,Tax Preparation Service,professional-services,mvp,development,https://github.com/Worldwidebro/ps-010-tax-preparation-service,,,,
PS-011-Real-Estate-Agency,Real Estate Agency,professional-services,validation,validation,https://github.com/Worldwidebro/ps-011-real-estate-agency,,,,
PS-012-Insurance-Agency,Insurance Agency,professional-services,validation,validation,https://github.com/Worldwidebro/ps-012-insurance-agency,,,,
PS-013-Financial-Planning,Financial Planning,professional-services,mvp,development,https://github.com/Worldwidebro/ps-013-financial-planning,,,,
PS-014-Event-Planning,Event Planning,professional-services,validation,validation,https://github.com/Worldwidebro/ps-014-event-planning,,,,
PS-015-Interior-Design,Interior Design,professional-services,validation,validation,https://github.com/Worldwidebro/ps-015-interior-design,,,,
PS-016-Photography-Service,Photography Service,professional-services,mvp,development,https://github.com/Worldwidebro/ps-016-photography-service,,,,
PS-017-Videography-Service,Videography Service,professional-services,mvp,development,https://github.com/Worldwidebro/ps-017-videography-service,,,,
PS-018-Translation-Services,Translation Services,professional-services,validation,validation,https://github.com/Worldwidebro/ps-018-translation-services,,,,
PS-019-Copywriting-Service,Copywriting Service,professional-services,mvp,development,https://github.com/Worldwidebro/ps-019-copywriting-service,,,,
PS-020-Social-Media-Management,Social Media Management,professional-services,mvp,development,https://github.com/Worldwidebro/ps-020-social-media-management,,,,
PS-021-SEO-Agency,Seo Agency,professional-services,mvp,development,https://github.com/Worldwidebro/ps-021-seo-agency,,,,
PS-022-PPC-Management,Ppc Management,professional-services,mvp,development,https://github.com/Worldwidebro/ps-022-ppc-management,,,,
PS-023-PR-Agency,Pr Agency,professional-services,validation,validation,https://github.com/Worldwidebro/ps-023-pr-agency,,,,
PS-024-Recruiting-Agency,Recruiting Agency,professional-services,validation,validation,https://github.com/Worldwidebro/ps-024-recruiting-agency,,,,
PS-025-Business-Brokerage,Business Brokerage,professional-services,planned,planned,https://github.com/Worldwidebro/ps-025-business-brokerage,,,,
MC-001-YouTube-Channel-Network,Youtube Channel Network,media-content,mvp,development,https://github.com/Worldwidebro/mc-001-youtube-channel-network,,,,
MC-002-Podcast-Network,Podcast Network,media-content,mvp,development,https://github.com/Worldwidebro/mc-002-podcast-network,,,,
MC-003-Blog-Network,Blog Network,media-content,mvp,development,https://github.com/Worldwidebro/mc-003-blog-network,,,,
MC-004-Influencer-Agency,Influencer Agency,media-content,validation,validation,https://github.com/Worldwidebro/mc-004-influencer-agency,,,,
MC-005-Content-Creation-Studio,Content Creation Studio,media-content,mvp,development,https://github.com/Worldwidebro/mc-005-content-creation-studio,,,,
MC-006-Video-Production-Company,Video Production Company,media-content,validation,validation,https://github.com/Worldwidebro/mc-006-video-production-company,,,,
MC-007-Animation-Studio,Animation Studio,media-content,planned,planned,https://github.com/Worldwidebro/mc-007-animation-studio,,,,
MC-008-Music-Production,Music Production,media-content,validation,validation,https://github.com/Worldwidebro/mc-008-music-production,,,,
MC-009-Stock-Photography,Stock Photography,media-content,mvp,development,https://github.com/Worldwidebro/mc-009-stock-photography,,,,
MC-010-Stock-Video,Stock Video,media-content,mvp,development,https://github.com/Worldwidebro/mc-010-stock-video,,,,
MC-011-Online-Magazine,Online Magazine,media-content,mvp,development,https://github.com/Worldwidebro/mc-011-online-magazine,,,,
MC-012-News-Website,News Website,media-content,validation,validation,https://github.com/Worldwidebro/mc-012-news-website,,,,
MC-013-Streaming-Platform,Streaming Platform,media-content,planned,planned,https://github.com/Worldwidebro/mc-013-streaming-platform,,,,
MC-014-Gaming-Channel,Gaming Channel,media-content,mvp,development,https://github.com/Worldwidebro/mc-014-gaming-channel,,,,
MC-015-Esports-Team,Esports Team,media-content,planned,planned,https://github.com/Worldwidebro/mc-015-esports-team,,,,
MC-016-Virtual-Events-Platform,Virtual Events Platform,media-content,planned,planned,https://github.com/Worldwidebro/mc-016-virtual-events-platform,,,,
MC-017-Online-Course-Platform,Online Course Platform,media-content,mvp,development,https://github.com/Worldwidebro/mc-017-online-course-platform,,,,
MC-018-Membership-Site,Membership Site,media-content,mvp,development,https://github.com/Worldwidebro/mc-018-membership-site,,,,
MC-019-Digital-Download-Store,Digital Download Store,media-content,mvp,development,https://github.com/Worldwidebro/mc-019-digital-download-store,,,,
MC-020-NFT-Marketplace,Nft Marketplace,media-content,planned,planned,https://github.com/Worldwidebro/mc-020-nft-marketplace,,,,
ET-001-Online-Tutoring-Platform,Online Tutoring Platform,education-training,mvp,development,https://github.com/Worldwidebro/et-001-online-tutoring-platform,,,,
ET-002-Language-Learning-App,Language Learning App,education-training,mvp,development,https://github.com/Worldwidebro/et-002-language-learning-app,,,,
ET-003-Test-Prep-Service,Test Prep Service,education-training,validation,validation,https://github.com/Worldwidebro/et-003-test-prep-service,,,,
ET-004-Coding-Bootcamp,Coding Bootcamp,education-training,validation,validation,https://github.com/Worldwidebro/et-004-coding-bootcamp,,,,
ET-005-Professional-Certification,Professional Certification,education-training,validation,validation,https://github.com/Worldwidebro/et-005-professional-certification,,,,
ET-006-Corporate-Training,Corporate Training,education-training,validation,validation,https://github.com/Worldwidebro/et-006-corporate-training,,,,
ET-007-Skills-Assessment-Platform,Skills Assessment Platform,education-training,planned,planned,https://github.com/Worldwidebro/et-007-skills-assessment-platform,,,,
ET-008-Career-Coaching,Career Coaching,education-training,mvp,development,https://github.com/Worldwidebro/et-008-career-coaching,,,,
ET-009-Resume-Writing-Service,Resume Writing Service,education-training,mvp,development,https://github.com/Worldwidebro/et-009-resume-writing-service,,,,
ET-010-Interview-Prep-Platform,Interview Prep Platform,education-training,mvp,development,https://github.com/Worldwidebro/et-010-interview-prep-platform,,,,
ET-011-Mentorship-Platform,Mentorship Platform,education-training,planned,planned,https://github.com/Worldwidebro/et-011-mentorship-platform,,,,
ET-012-Educational-Content-Library,Educational Content Library,education-training,mvp,development,https://github.com/Worldwidebro/et-012-educational-content-library,,,,
ET-013-VR-Training-Simulations,Vr Training Simulations,education-training,planned,planned,https://github.com/Worldwidebro/et-013-vr-training-simulations,,,,
ET-014-Gamified-Learning-App,Gamified Learning App,education-training,planned,planned,https://github.com/Worldwidebro/et-014-gamified-learning-app,,,,
ET-015-Homeschool-Curriculum,Homeschool Curriculum,education-training,validation,validation,https://github.com/Worldwidebro/et-015-homeschool-curriculum,,,,
ST-001-SaaS-Platform,Saas Platform,software-technology,mvp,development,https://github.com/Worldwidebro/st-001-saas-platform,,,,
ST-002-Mobile-App-Development,Mobile App Development,software-technology,mvp,development,https://github.com/Worldwidebro/st-002-mobile-app-development,,,,
ST-003-Web-Development-Agency,Web Development Agency,software-technology,mvp,development,https://github.com/Worldwidebro/st-003-web-development-agency,,,,
ST-004-Custom-Software-Development,Custom Software Development,software-technology,validation,validation,https://github.com/Worldwidebro/st-004-custom-software-development,,,,
ST-005-API-Development,Api Development,software-technology,mvp,development,https://github.com/Worldwidebro/st-005-api-development,,,,
ST-006-Cloud-Infrastructure,Cloud Infrastructure,software-technology,planned,planned,https://github.com/Worldwidebro/st-006-cloud-infrastructure,,,,
ST-007-DevOps-Consulting,Devops Consulting,software-technology,validation,validation,https://github.com/Worldwidebro/st-007-devops-consulting,,,,
ST-008-Cybersecurity-Service,Cybersecurity Service,software-technology,validation,validation,https://github.com/Worldwidebro/st-008-cybersecurity-service,,,,
ST-009-Data-Analytics-Platform,Data Analytics Platform,software-technology,planned,planned,https://github.com/Worldwidebro/st-009-data-analytics-platform,,,,
ST-010-Business-Intelligence-Tool,Business Intelligence Tool,software-technology,planned,planned,https://github.com/Worldwidebro/st-010-business-intelligence-tool,,,,
ST-011-CRM-Platform,Crm Platform,software-technology,planned,planned,https://github.com/Worldwidebro/st-011-crm-platform,,,,
ST-012-Project-Management-Tool,Project Management Tool,software-technology,planned,planned,https://github.com/Worldwidebro/st-012-project-management-tool,,,,
ST-013-Communication-Platform,Communication Platform,software-technology,planned,planned,https://github.com/Worldwidebro/st-013-communication-platform,,,,
ST-014-Collaboration-Software,Collaboration Software,software-technology,planned,planned,https://github.com/Worldwidebro/st-014-collaboration-software,,,,
ST-015-Automation-Platform,Automation Platform,software-technology,planned,planned,https://github.com/Worldwidebro/st-015-automation-platform,,,,
ST-016-AI,Ai,software-technology,planned,planned,https://github.com/Worldwidebro/st-016-ai,,,,
ST-017-Chatbot-Builder,Chatbot Builder,software-technology,mvp,development,https://github.com/Worldwidebro/st-017-chatbot-builder,,,,
ST-018-E-commerce-Platform,E Commerce Platform,software-technology,planned,planned,https://github.com/Worldwidebro/st-018-e-commerce-platform,,,,
ST-019-Payment-Processing,Payment Processing,software-technology,validation,validation,https://github.com/Worldwidebro/st-019-payment-processing,,,,
ST-020-Blockchain-Platform,Blockchain Platform,software-technology,planned,planned,https://github.com/Worldwidebro/st-020-blockchain-platform,,,,
ST-021-IoT-Platform,Iot Platform,software-technology,planned,planned,https://github.com/Worldwidebro/st-021-iot-platform,,,,
ST-022-AR,Ar,software-technology,planned,planned,https://github.com/Worldwidebro/st-022-ar,,,,
ST-023-Game-Development,Game Development,software-technology,validation,validation,https://github.com/Worldwidebro/st-023-game-development,,,,
ST-024-Marketing-Automation,Marketing Automation,software-technology,mvp,development,https://github.com/Worldwidebro/st-024-marketing-automation,,,,
ST-025-Sales-Automation,Sales Automation,software-technology,mvp,development,https://github.com/Worldwidebro/st-025-sales-automation,,,,
ST-026-HR-Tech-Platform,Hr Tech Platform,software-technology,planned,planned,https://github.com/Worldwidebro/st-026-hr-tech-platform,,,,
ST-027-Legal-Tech-Platform,Legal Tech Platform,software-technology,planned,planned,https://github.com/Worldwidebro/st-027-legal-tech-platform,,,,
ST-028-Health-Tech-Platform,Health Tech Platform,software-technology,planned,planned,https://github.com/Worldwidebro/st-028-health-tech-platform,,,,
ST-029-EdTech-Platform,Edtech Platform,software-technology,planned,planned,https://github.com/Worldwidebro/st-029-edtech-platform,,,,
ST-030-PropTech-Platform,Proptech Platform,software-technology,planned,planned,https://github.com/Worldwidebro/st-030-proptech-platform,,,,
EC-001-Angels-in-Daylight,Angels In Daylight,e-commerce,planned,planned,https://github.com/Worldwidebro/ec-001-angels-in-daylight,,,,
EC-002-New-World-Apparel,New World Apparel,e-commerce,planned,planned,https://github.com/Worldwidebro/ec-002-new-world-apparel,,,,
EC-003-Shopify-Autopilot,Shopify Autopilot,e-commerce,planned,planned,https://github.com/Worldwidebro/ec-003-shopify-autopilot,,,,
EC-004-Shoe-Customizer,Shoe Customizer,e-commerce,planned,planned,https://github.com/Worldwidebro/ec-004-shoe-customizer,,,,
EC-005-Sunglasses-AI,Sunglasses Ai,e-commerce,planned,planned,https://github.com/Worldwidebro/ec-005-sunglasses-ai,,,,
EC-006-Dropship-Hub,Dropship Hub,e-commerce,planned,planned,https://github.com/Worldwidebro/ec-006-dropship-hub,,,,
EC-007-Personal-Shopper-AI,Personal Shopper Ai,e-commerce,planned,planned,https://github.com/Worldwidebro/ec-007-personal-shopper-ai,,,,
EC-008-Custom-Sneaker-AI,Custom Sneaker Ai,e-commerce,planned,planned,https://github.com/Worldwidebro/ec-008-custom-sneaker-ai,,,,
EC-009-Sustainable-Fashion-AI,Sustainable Fashion Ai,e-commerce,planned,planned,https://github.com/Worldwidebro/ec-009-sustainable-fashion-ai,,,,
EC-010-Jewelry-Designer-AI,Jewelry Designer Ai,e-commerce,planned,planned,https://github.com/Worldwidebro/ec-010-jewelry-designer-ai,,,,
EC-011-Virtual-Try-On-AI,Virtual Try On Ai,e-commerce,planned,planned,https://github.com/Worldwidebro/ec-011-virtual-try-on-ai,,,,
EC-012-Fashion-Designer-AI,Fashion Designer Ai,e-commerce,planned,planned,https://github.com/Worldwidebro/ec-012-fashion-designer-ai,,,,
EC-013-Merch-Licensing,Merch Licensing,e-commerce,planned,planned,https://github.com/Worldwidebro/ec-013-merch-licensing,,,,
EC-014-Subscription-Box-AI,Subscription Box Ai,e-commerce,planned,planned,https://github.com/Worldwidebro/ec-014-subscription-box-ai,,,,
EC-015-Surf-Gear-AI,Surf Gear Ai,e-commerce,planned,planned,https://github.com/Worldwidebro/ec-015-surf-gear-ai,,,,
EC-016-Ski-Gear-AI,Ski Gear Ai,e-commerce,planned,planned,https://github.com/Worldwidebro/ec-016-ski-gear-ai,,,,
EC-017-Golf-Gear-AI,Golf Gear Ai,e-commerce,planned,planned,https://github.com/Worldwidebro/ec-017-golf-gear-ai,,,,
EC-018-Fishing-Gear-AI,Fishing Gear Ai,e-commerce,planned,planned,https://github.com/Worldwidebro/ec-018-fishing-gear-ai,,,,
EC-019-Yoga-Gear-AI,Yoga Gear Ai,e-commerce,planned,planned,https://github.com/Worldwidebro/ec-019-yoga-gear-ai,,,,
EC-020-Costume-Shop-AI,Costume Shop Ai,e-commerce,planned,planned,https://github.com/Worldwidebro/ec-020-costume-shop-ai,,,,
EC-021-Luggage-AI,Luggage Ai,e-commerce,planned,planned,https://github.com/Worldwidebro/ec-021-luggage-ai,,,,
EC-022-Home-Appliance-AI,Home Appliance Ai,e-commerce,planned,planned,https://github.com/Worldwidebro/ec-022-home-appliance-ai,,,,
EC-023-Tool-Shop-AI,Tool Shop Ai,e-commerce,planned,planned,https://github.com/Worldwidebro/ec-023-tool-shop-ai,,,,
EC-024-Garden-Supply-AI,Garden Supply Ai,e-commerce,planned,planned,https://github.com/Worldwidebro/ec-024-garden-supply-ai,,,,
EC-025-Collectible-AI,Collectible Ai,e-commerce,planned,planned,https://github.com/Worldwidebro/ec-025-collectible-ai,,,,
EC-026-Hobby-Shop-AI,Hobby Shop Ai,e-commerce,planned,planned,https://github.com/Worldwidebro/ec-026-hobby-shop-ai,,,,
EC-027-Kids-Toy-Line,Kids Toy Line,e-commerce,planned,planned,https://github.com/Worldwidebro/ec-027-kids-toy-line,,,,
EC-028-NFT-Fashion-Licensing,Nft Fashion Licensing,e-commerce,planned,planned,https://github.com/Worldwidebro/ec-028-nft-fashion-licensing,,,,
EC-029-Instant-Brand-Generator,Instant Brand Generator,e-commerce,planned,planned,https://github.com/Worldwidebro/ec-029-instant-brand-generator,,,,
EC-030-AI-Product-Photographer,Ai Product Photographer,e-commerce,planned,planned,https://github.com/Worldwidebro/ec-030-ai-product-photographer,,,,
EC-031-Automated-Inventory-Forecaster,Automated Inventory Forecaster,e-commerce,planned,planned,https://github.com/Worldwidebro/ec-031-automated-inventory-forecaster,,,,
EC-032-Dynamic-Pricing-Engine,Dynamic Pricing Engine,e-commerce,planned,planned,https://github.com/Worldwidebro/ec-032-dynamic-pricing-engine,,,,
EC-033-Ad-Optimizer-AI,Ad Optimizer Ai,e-commerce,planned,planned,https://github.com/Worldwidebro/ec-033-ad-optimizer-ai,,,,
EC-034-Recommendation-Engine,Recommendation Engine,e-commerce,planned,planned,https://github.com/Worldwidebro/ec-034-recommendation-engine,,,,
EC-035-Review-Aggregator-AI,Review Aggregator Ai,e-commerce,planned,planned,https://github.com/Worldwidebro/ec-035-review-aggregator-ai,,,,
EC-036-Fulfillment-Network-AI,Fulfillment Network Ai,e-commerce,planned,planned,https://github.com/Worldwidebro/ec-036-fulfillment-network-ai,,,,
EC-037-Return-Optimization-AI,Return Optimization Ai,e-commerce,planned,planned,https://github.com/Worldwidebro/ec-037-return-optimization-ai,,,,
EC-038-Chatbot-Customer-Service,Chatbot Customer Service,e-commerce,planned,planned,https://github.com/Worldwidebro/ec-038-chatbot-customer-service,,,,
EC-039-Visual-Search-AI,Visual Search Ai,e-commerce,planned,planned,https://github.com/Worldwidebro/ec-039-visual-search-ai,,,,
EC-040-Abandoned-Cart-Recovery,Abandoned Cart Recovery,e-commerce,planned,planned,https://github.com/Worldwidebro/ec-040-abandoned-cart-recovery,,,,
EC-041-Seasonal-Trend-Predictor,Seasonal Trend Predictor,e-commerce,planned,planned,https://github.com/Worldwidebro/ec-041-seasonal-trend-predictor,,,,
EC-042-Influencer-Matchmaker,Influencer Matchmaker,e-commerce,planned,planned,https://github.com/Worldwidebro/ec-042-influencer-matchmaker,,,,
EC-043-UGC-Content-Aggregator,Ugc Content Aggregator,e-commerce,planned,planned,https://github.com/Worldwidebro/ec-043-ugc-content-aggregator,,,,
EC-044-Live-Commerce-Platform,Live Commerce Platform,e-commerce,growth,active,https://github.com/Worldwidebro/ec-044-live-commerce-platform,,,,
EC-045-AR-Virtual-Fitting-Room,Ar Virtual Fitting Room,e-commerce,planned,planned,https://github.com/Worldwidebro/ec-045-ar-virtual-fitting-room,,,,
EC-046-3D-Product-Viewer,3D Product Viewer,e-commerce,growth,active,https://github.com/Worldwidebro/ec-046-3d-product-viewer,,,,
EC-047-Carbon-Footprint-Tracker,Carbon Footprint Tracker,e-commerce,planned,planned,https://github.com/Worldwidebro/ec-047-carbon-footprint-tracker,,,,
EC-048-Wholesale-Marketplace-AI,Wholesale Marketplace Ai,e-commerce,planned,planned,https://github.com/Worldwidebro/ec-048-wholesale-marketplace-ai,,,,
EC-049-Rental-Marketplace,Rental Marketplace,e-commerce,planned,planned,https://github.com/Worldwidebro/ec-049-rental-marketplace,,,,
EC-050-AI-Product-Descriptions,Ai Product Descriptions,e-commerce,planned,planned,https://github.com/Worldwidebro/ec-050-ai-product-descriptions,,,,
EC-051-AI-Email-Marketing,Ai Email Marketing,e-commerce,planned,planned,https://github.com/Worldwidebro/ec-051-ai-email-marketing,,,,
EC-052-AI-Product-Bundler,Ai Product Bundler,e-commerce,planned,planned,https://github.com/Worldwidebro/ec-052-ai-product-bundler,,,,
EC-053-AI-Visual-Merchandiser,Ai Visual Merchandiser,e-commerce,planned,planned,https://github.com/Worldwidebro/ec-053-ai-visual-merchandiser,,,,
EC-054-AI-Demand-Forecasting,Ai Demand Forecasting,e-commerce,planned,planned,https://github.com/Worldwidebro/ec-054-ai-demand-forecasting,,,,
EC-055-AI-Warehouse-Management,Ai Warehouse Management,e-commerce,planned,planned,https://github.com/Worldwidebro/ec-055-ai-warehouse-management,,,,
EC-056-AI-Supplier-Matching,Ai Supplier Matching,e-commerce,planned,planned,https://github.com/Worldwidebro/ec-056-ai-supplier-matching,,,,
EC-057-AI-Quality-Control,Ai Quality Control,e-commerce,planned,planned,https://github.com/Worldwidebro/ec-057-ai-quality-control,,,,
EC-058-AI-Packaging-Designer,Ai Packaging Designer,e-commerce,planned,planned,https://github.com/Worldwidebro/ec-058-ai-packaging-designer,,,,
EC-059-AI-Logistics-Planner,Ai Logistics Planner,e-commerce,planned,planned,https://github.com/Worldwidebro/ec-059-ai-logistics-planner,,,,
EC-060-AI-Customer-Loyalty,Ai Customer Loyalty,e-commerce,planned,planned,https://github.com/Worldwidebro/ec-060-ai-customer-loyalty,,,,
EC-061-AI-Gift-Finder,Ai Gift Finder,e-commerce,planned,planned,https://github.com/Worldwidebro/ec-061-ai-gift-finder,,,,
EC-062-AI-Trend-Hunter,Ai Trend Hunter,e-commerce,planned,planned,https://github.com/Worldwidebro/ec-062-ai-trend-hunter,,,,
EC-063-AI-Market-Research,Ai Market Research,e-commerce,planned,planned,https://github.com/Worldwidebro/ec-063-ai-market-research,,,,
EC-064-AI-Competitor-Watcher,Ai Competitor Watcher,e-commerce,planned,planned,https://github.com/Worldwidebro/ec-064-ai-competitor-watcher,,,,
EC-065-AI-Product-Development,Ai Product Development,e-commerce,planned,planned,https://github.com/Worldwidebro/ec-065-ai-product-development,,,,
EC-066-AI-Customer-Journey,Ai Customer Journey,e-commerce,planned,planned,https://github.com/Worldwidebro/ec-066-ai-customer-journey,,,,
EC-067-AI-Payment-Optimization,Ai Payment Optimization,e-commerce,planned,planned,https://github.com/Worldwidebro/ec-067-ai-payment-optimization,,,,
EC-068-AI-Returns-Management,Ai Returns Management,e-commerce,planned,planned,https://github.com/Worldwidebro/ec-068-ai-returns-management,,,,
EC-069-AI-Shipping-Labeler,Ai Shipping Labeler,e-commerce,planned,planned,https://github.com/Worldwidebro/ec-069-ai-shipping-labeler,,,,
EC-070-AI-Product-Launch-Coach,Ai Product Launch Coach,e-commerce,planned,planned,https://github.com/Worldwidebro/ec-070-ai-product-launch-coach,,,,
EC-071-AI-Vendor-Negotiator,Ai Vendor Negotiator,e-commerce,planned,planned,https://github.com/Worldwidebro/ec-071-ai-vendor-negotiator,,,,
EC-072-AI-Product-Cataloger,Ai Product Cataloger,e-commerce,planned,planned,https://github.com/Worldwidebro/ec-072-ai-product-cataloger,,,,
EC-073-AI-Order-Prioritizer,Ai Order Prioritizer,e-commerce,planned,planned,https://github.com/Worldwidebro/ec-073-ai-order-prioritizer,,,,
EC-074-AI-Customer-Segmentation,Ai Customer Segmentation,e-commerce,planned,planned,https://github.com/Worldwidebro/ec-074-ai-customer-segmentation,,,,
EC-075-AI-Pricing-Analyst,Ai Pricing Analyst,e-commerce,planned,planned,https://github.com/Worldwidebro/ec-075-ai-pricing-analyst,,,,
EC-076-AI-Sales-Forecasting,Ai Sales Forecasting,e-commerce,planned,planned,https://github.com/Worldwidebro/ec-076-ai-sales-forecasting,,,,
EC-077-AI-Inventory-Reordering,Ai Inventory Reordering,e-commerce,planned,planned,https://github.com/Worldwidebro/ec-077-ai-inventory-reordering,,,,
EC-078-AI-Product-Comparison,Ai Product Comparison,e-commerce,planned,planned,https://github.com/Worldwidebro/ec-078-ai-product-comparison,,,,
EC-079-AI-Customer-Feedback,Ai Customer Feedback,e-commerce,planned,planned,https://github.com/Worldwidebro/ec-079-ai-customer-feedback,,,,
EC-080-AI-Product-Updates,Ai Product Updates,e-commerce,planned,planned,https://github.com/Worldwidebro/ec-080-ai-product-updates,,,,
EC-081-AI-Cross-Selling,Ai Cross Selling,e-commerce,planned,planned,https://github.com/Worldwidebro/ec-081-ai-cross-selling,,,,
EC-082-AI-Up-Selling,Ai Up Selling,e-commerce,planned,planned,https://github.com/Worldwidebro/ec-082-ai-up-selling,,,,
EC-083-AI-Product-Education,Ai Product Education,e-commerce,planned,planned,https://github.com/Worldwidebro/ec-083-ai-product-education,,,,
EC-084-AI-Purchase-Timing,Ai Purchase Timing,e-commerce,planned,planned,https://github.com/Worldwidebro/ec-084-ai-purchase-timing,,,,
EC-085-AI-Customer-Support,Ai Customer Support,e-commerce,planned,planned,https://github.com/Worldwidebro/ec-085-ai-customer-support,,,,
EC-086-AI-Order-Tracking,Ai Order Tracking,e-commerce,planned,planned,https://github.com/Worldwidebro/ec-086-ai-order-tracking,,,,
EC-087-AI-Product-Reviews,Ai Product Reviews,e-commerce,planned,planned,https://github.com/Worldwidebro/ec-087-ai-product-reviews,,,,
EC-088-AI-Customer-Community,Ai Customer Community,e-commerce,planned,planned,https://github.com/Worldwidebro/ec-088-ai-customer-community,,,,
EC-089-AI-Product-Customization,Ai Product Customization,e-commerce,planned,planned,https://github.com/Worldwidebro/ec-089-ai-product-customization,,,,
EC-090-AI-Gift-Registry,Ai Gift Registry,e-commerce,planned,planned,https://github.com/Worldwidebro/ec-090-ai-gift-registry,,,,
EC-091-AI-Wedding-Registry,Ai Wedding Registry,e-commerce,planned,planned,https://github.com/Worldwidebro/ec-091-ai-wedding-registry,,,,
EC-092-AI-Baby-Registry,Ai Baby Registry,e-commerce,planned,planned,https://github.com/Worldwidebro/ec-092-ai-baby-registry,,,,
EC-093-AI-Holiday-Planner,Ai Holiday Planner,e-commerce,planned,planned,https://github.com/Worldwidebro/ec-093-ai-holiday-planner,,,,
EC-094-AI-Personal-Shopper,Ai Personal Shopper,e-commerce,planned,planned,https://github.com/Worldwidebro/ec-094-ai-personal-shopper,,,,
EC-095-AI-Color-Match,Ai Color Match,e-commerce,planned,planned,https://github.com/Worldwidebro/ec-095-ai-color-match,,,,
EC-096-AI-Fabric-Advisor,Ai Fabric Advisor,e-commerce,planned,planned,https://github.com/Worldwidebro/ec-096-ai-fabric-advisor,,,,
EC-097-AI-Fit-Recommendation,Ai Fit Recommendation,e-commerce,planned,planned,https://github.com/Worldwidebro/ec-097-ai-fit-recommendation,,,,
EC-098-AI-Outfit-Builder,Ai Outfit Builder,e-commerce,planned,planned,https://github.com/Worldwidebro/ec-098-ai-outfit-builder,,,,
EC-099-AI-Seasonal-Forecast,Ai Seasonal Forecast,e-commerce,planned,planned,https://github.com/Worldwidebro/ec-099-ai-seasonal-forecast,,,,
EC-100-AI-Wardrobe-Planner,Ai Wardrobe Planner,e-commerce,planned,planned,https://github.com/Worldwidebro/ec-100-ai-wardrobe-planner,,,,
EC-101-AI-Accessory-Match,Ai Accessory Match,e-commerce,planned,planned,https://github.com/Worldwidebro/ec-101-ai-accessory-match,,,,
EC-102-AI-Shoe-Match,Ai Shoe Match,e-commerce,planned,planned,https://github.com/Worldwidebro/ec-102-ai-shoe-match,,,,
EC-103-AI-Jewelry-Match,Ai Jewelry Match,e-commerce,planned,planned,https://github.com/Worldwidebro/ec-103-ai-jewelry-match,,,,
EC-104-AI-Bag-Match,Ai Bag Match,e-commerce,planned,planned,https://github.com/Worldwidebro/ec-104-ai-bag-match,,,,
EC-105-AI-Color-Palette,Ai Color Palette,e-commerce,planned,planned,https://github.com/Worldwidebro/ec-105-ai-color-palette,,,,
EC-106-AI-Outfit-Recycling,Ai Outfit Recycling,e-commerce,planned,planned,https://github.com/Worldwidebro/ec-106-ai-outfit-recycling,,,,
EC-107-AI-Style-Evolution,Ai Style Evolution,e-commerce,planned,planned,https://github.com/Worldwidebro/ec-107-ai-style-evolution,,,,
EC-108-AI-Budget-Stylist,Ai Budget Stylist,e-commerce,planned,planned,https://github.com/Worldwidebro/ec-108-ai-budget-stylist,,,,
EC-109-AI-Trend-Archive,Ai Trend Archive,e-commerce,planned,planned,https://github.com/Worldwidebro/ec-109-ai-trend-archive,,,,
EC-110-AI-Vintage-Advisor,Ai Vintage Advisor,e-commerce,planned,planned,https://github.com/Worldwidebro/ec-110-ai-vintage-advisor,,,,
TECH-001-Quantum-Algorithm-AI,Quantum Algorithm Ai,technology,planned,planned,https://github.com/Worldwidebro/tech-001-quantum-algorithm-ai,,,,
TECH-002-AI-Compliance-Scanner,Ai Compliance Scanner,technology,planned,planned,https://github.com/Worldwidebro/tech-002-ai-compliance-scanner,,,,
TECH-003-Cloud-Management-AI,Cloud Management Ai,technology,planned,planned,https://github.com/Worldwidebro/tech-003-cloud-management-ai,,,,
TECH-004-Robotics-Training-AI,Robotics Training Ai,technology,planned,planned,https://github.com/Worldwidebro/tech-004-robotics-training-ai,,,,
TECH-005-Customer-Insights-AI,Customer Insights Ai,technology,planned,planned,https://github.com/Worldwidebro/tech-005-customer-insights-ai,,,,
TECH-006-Voice-Assistant-AI,Voice Assistant Ai,technology,planned,planned,https://github.com/Worldwidebro/tech-006-voice-assistant-ai,,,,
TECH-007-Blockchain-Verifier-AI,Blockchain Verifier Ai,technology,planned,planned,https://github.com/Worldwidebro/tech-007-blockchain-verifier-ai,,,,
TECH-008-Cybersecurity-Shield,Cybersecurity Shield,technology,planned,planned,https://github.com/Worldwidebro/tech-008-cybersecurity-shield,,,,
TECH-009-Content-Studio-AI,Content Studio Ai,technology,planned,planned,https://github.com/Worldwidebro/tech-009-content-studio-ai,,,,
TECH-010-Smart-Home-AI,Smart Home Ai,technology,planned,planned,https://github.com/Worldwidebro/tech-010-smart-home-ai,,,,
TECH-011-Supply-Chain-Optimizer,Supply Chain Optimizer,technology,planned,planned,https://github.com/Worldwidebro/tech-011-supply-chain-optimizer,,,,
TECH-012-Data-Visualization-AI,Data Visualization Ai,technology,planned,planned,https://github.com/Worldwidebro/tech-012-data-visualization-ai,,,,
TECH-013-Workflow-Automation,Workflow Automation,technology,planned,planned,https://github.com/Worldwidebro/tech-013-workflow-automation,,,,
TECH-014-Sentiment-Analyzer,Sentiment Analyzer,technology,planned,planned,https://github.com/Worldwidebro/tech-014-sentiment-analyzer,,,,
TECH-015-Image-Recognition-AI,Image Recognition Ai,technology,planned,planned,https://github.com/Worldwidebro/tech-015-image-recognition-ai,,,,
TECH-016-Video-Editor-AI,Video Editor Ai,technology,planned,planned,https://github.com/Worldwidebro/tech-016-video-editor-ai,,,,
TECH-017-Speech-to-Text-AI,Speech To Text Ai,technology,planned,planned,https://github.com/Worldwidebro/tech-017-speech-to-text-ai,,,,
TECH-018-Text-to-Speech-AI,Text To Speech Ai,technology,planned,planned,https://github.com/Worldwidebro/tech-018-text-to-speech-ai,,,,
TECH-019-Fraud-Prevention-AI,Fraud Prevention Ai,technology,planned,planned,https://github.com/Worldwidebro/tech-019-fraud-prevention-ai,,,,
TECH-020-Recommendation-Engine,Recommendation Engine,technology,planned,planned,https://github.com/Worldwidebro/tech-020-recommendation-engine,,,,
TECH-021-Network-Security-AI,Network Security Ai,technology,planned,planned,https://github.com/Worldwidebro/tech-021-network-security-ai,,,,
TECH-022-Database-Optimizer,Database Optimizer,technology,planned,planned,https://github.com/Worldwidebro/tech-022-database-optimizer,,,,
TECH-023-AI-Testing-Platform,Ai Testing Platform,technology,planned,planned,https://github.com/Worldwidebro/tech-023-ai-testing-platform,,,,
TECH-024-Virtual-Assistant-Builder,Virtual Assistant Builder,technology,planned,planned,https://github.com/Worldwidebro/tech-024-virtual-assistant-builder,,,,
TECH-025-Machine-Learning-Builder,Machine Learning Builder,technology,planned,planned,https://github.com/Worldwidebro/tech-025-machine-learning-builder,,,,
TECH-026-AI-Ethics-Auditor,Ai Ethics Auditor,technology,planned,planned,https://github.com/Worldwidebro/tech-026-ai-ethics-auditor,,,,
TECH-027-Predictive-Analytics-AI,Predictive Analytics Ai,technology,planned,planned,https://github.com/Worldwidebro/tech-027-predictive-analytics-ai,,,,
TECH-028-AI-Training-Platform,Ai Training Platform,technology,planned,planned,https://github.com/Worldwidebro/tech-028-ai-training-platform,,,,
TECH-029-Digital-Twin-AI,Digital Twin Ai,technology,planned,planned,https://github.com/Worldwidebro/tech-029-digital-twin-ai,,,,
TECH-030-AI-Monitoring-System,Ai Monitoring System,technology,planned,planned,https://github.com/Worldwidebro/tech-030-ai-monitoring-system,,,,
TECH-031-Edge-Computing-AI,Edge Computing Ai,technology,planned,planned,https://github.com/Worldwidebro/tech-031-edge-computing-ai,,,,
TECH-032-AI-Integration-Hub,Ai Integration Hub,technology,planned,planned,https://github.com/Worldwidebro/tech-032-ai-integration-hub,,,,
TECH-033-Quantum-Algorithm-AI,Quantum Algorithm Ai,technology,planned,planned,https://github.com/Worldwidebro/tech-033-quantum-algorithm-ai,,,,
TECH-034-AI-Compliance-Scanner,Ai Compliance Scanner,technology,planned,planned,https://github.com/Worldwidebro/tech-034-ai-compliance-scanner,,,,
TECH-035-Cloud-Management-AI,Cloud Management Ai,technology,planned,planned,https://github.com/Worldwidebro/tech-035-cloud-management-ai,,,,
TECH-036-Robotics-Training-AI,Robotics Training Ai,technology,planned,planned,https://github.com/Worldwidebro/tech-036-robotics-training-ai,,,,
TECH-037-Customer-Insights-AI,Customer Insights Ai,technology,planned,planned,https://github.com/Worldwidebro/tech-037-customer-insights-ai,,,,
TECH-038-Voice-Assistant-AI,Voice Assistant Ai,technology,planned,planned,https://github.com/Worldwidebro/tech-038-voice-assistant-ai,,,,
TECH-039-Blockchain-Verifier-AI,Blockchain Verifier Ai,technology,validation,validation,https://github.com/Worldwidebro/tech-039-blockchain-verifier-ai,,,,
TECH-040-Cybersecurity-Shield,Cybersecurity Shield,technology,planned,planned,https://github.com/Worldwidebro/tech-040-cybersecurity-shield,,,,
TECH-041-Content-Studio-AI,Content Studio Ai,technology,planned,planned,https://github.com/Worldwidebro/tech-041-content-studio-ai,,,,
TECH-042-Smart-Home-AI,Smart Home Ai,technology,planned,planned,https://github.com/Worldwidebro/tech-042-smart-home-ai,,,,
TECH-043-Supply-Chain-Optimizer,Supply Chain Optimizer,technology,planned,planned,https://github.com/Worldwidebro/tech-043-supply-chain-optimizer,,,,
TECH-044-Data-Visualization-AI,Data Visualization Ai,technology,planned,planned,https://github.com/Worldwidebro/tech-044-data-visualization-ai,,,,
TECH-045-Workflow-Automation,Workflow Automation,technology,planned,planned,https://github.com/Worldwidebro/tech-045-workflow-automation,,,,
TECH-046-Sentiment-Analyzer,Sentiment Analyzer,technology,planned,planned,https://github.com/Worldwidebro/tech-046-sentiment-analyzer,,,,
TECH-047-Image-Recognition-AI,Image Recognition Ai,technology,planned,planned,https://github.com/Worldwidebro/tech-047-image-recognition-ai,,,,
TECH-048-Video-Editor-AI,Video Editor Ai,technology,planned,planned,https://github.com/Worldwidebro/tech-048-video-editor-ai,,,,
TECH-049-Speech-to-Text-AI,Speech To Text Ai,technology,planned,planned,https://github.com/Worldwidebro/tech-049-speech-to-text-ai,,,,
TECH-050-Text-to-Speech-AI,Text To Speech Ai,technology,planned,planned,https://github.com/Worldwidebro/tech-050-text-to-speech-ai,,,,
TECH-051-Fraud-Prevention-AI,Fraud Prevention Ai,technology,planned,planned,https://github.com/Worldwidebro/tech-051-fraud-prevention-ai,,,,
TECH-052-Recommendation-Engine,Recommendation Engine,technology,planned,planned,https://github.com/Worldwidebro/tech-052-recommendation-engine,,,,
TECH-053-Network-Security-AI,Network Security Ai,technology,planned,planned,https://github.com/Worldwidebro/tech-053-network-security-ai,,,,
TECH-054-Database-Optimizer,Database Optimizer,technology,planned,planned,https://github.com/Worldwidebro/tech-054-database-optimizer,,,,
TECH-055-AI-Testing-Platform,Ai Testing Platform,technology,planned,planned,https://github.com/Worldwidebro/tech-055-ai-testing-platform,,,,
TECH-056-Virtual-Assistant-Builder,Virtual Assistant Builder,technology,planned,planned,https://github.com/Worldwidebro/tech-056-virtual-assistant-builder,,,,
TECH-057-Machine-Learning-Builder,Machine Learning Builder,technology,planned,planned,https://github.com/Worldwidebro/tech-057-machine-learning-builder,,,,
TECH-058-AI-Ethics-Auditor,Ai Ethics Auditor,technology,planned,planned,https://github.com/Worldwidebro/tech-058-ai-ethics-auditor,,,,
TECH-059-Predictive-Analytics-AI,Predictive Analytics Ai,technology,planned,planned,https://github.com/Worldwidebro/tech-059-predictive-analytics-ai,,,,
TECH-060-AI-Training-Platform,Ai Training Platform,technology,planned,planned,https://github.com/Worldwidebro/tech-060-ai-training-platform,,,,
OPS-001-Fractional-CTO-Agency,Fractional Cto Agency,operations,planned,planned,https://github.com/Worldwidebro/ops-001-fractional-cto-agency,,,,
OPS-002-Supply-Chain-Optimizer,Supply Chain Optimizer,operations,planned,planned,https://github.com/Worldwidebro/ops-002-supply-chain-optimizer,,,,
OPS-003-Event-Planning-AI,Event Planning Ai,operations,planned,planned,https://github.com/Worldwidebro/ops-003-event-planning-ai,,,,
OPS-004-Inventory-Management-AI,Inventory Management Ai,operations,planned,planned,https://github.com/Worldwidebro/ops-004-inventory-management-ai,,,,
OPS-005-Project-Management-AI,Project Management Ai,operations,planned,planned,https://github.com/Worldwidebro/ops-005-project-management-ai,,,,
OPS-006-Document-Automation-AI,Document Automation Ai,operations,planned,planned,https://github.com/Worldwidebro/ops-006-document-automation-ai,,,,
OPS-007-Meeting-Assistant-AI,Meeting Assistant Ai,operations,planned,planned,https://github.com/Worldwidebro/ops-007-meeting-assistant-ai,,,,
OPS-008-Recruitment-AI,Recruitment Ai,operations,planned,planned,https://github.com/Worldwidebro/ops-008-recruitment-ai,,,,
OPS-009-Onboarding-AI,Onboarding Ai,operations,planned,planned,https://github.com/Worldwidebro/ops-009-onboarding-ai,,,,
OPS-010-Training-Platform-AI,Training Platform Ai,operations,planned,planned,https://github.com/Worldwidebro/ops-010-training-platform-ai,,,,
OPS-011-Performance-Review-AI,Performance Review Ai,operations,planned,planned,https://github.com/Worldwidebro/ops-011-performance-review-ai,,,,
OPS-012-IT-Support-AI,It Support Ai,operations,planned,planned,https://github.com/Worldwidebro/ops-012-it-support-ai,,,,
OPS-013-Facilities-Management-AI,Facilities Management Ai,operations,planned,planned,https://github.com/Worldwidebro/ops-013-facilities-management-ai,,,,
OPS-014-Travel-Booking-AI,Travel Booking Ai,operations,planned,planned,https://github.com/Worldwidebro/ops-014-travel-booking-ai,,,,
OPS-015-Expense-Management-AI,Expense Management Ai,operations,planned,planned,https://github.com/Worldwidebro/ops-015-expense-management-ai,,,,
OPS-016-Contract-Management-AI,Contract Management Ai,operations,planned,planned,https://github.com/Worldwidebro/ops-016-contract-management-ai,,,,
OPS-017-Compliance-Monitoring-AI,Compliance Monitoring Ai,operations,planned,planned,https://github.com/Worldwidebro/ops-017-compliance-monitoring-ai,,,,
OPS-018-Quality-Control-AI,Quality Control Ai,operations,planned,planned,https://github.com/Worldwidebro/ops-018-quality-control-ai,,,,
OPS-019-Asset-Management-AI,Asset Management Ai,operations,planned,planned,https://github.com/Worldwidebro/ops-019-asset-management-ai,,,,
OPS-020-Time-Tracking-AI,Time Tracking Ai,operations,planned,planned,https://github.com/Worldwidebro/ops-020-time-tracking-ai,,,,
OPS-021-Document-Security-AI,Document Security Ai,operations,planned,planned,https://github.com/Worldwidebro/ops-021-document-security-ai,,,,
OPS-022-Knowledge-Management-AI,Knowledge Management Ai,operations,planned,planned,https://github.com/Worldwidebro/ops-022-knowledge-management-ai,,,,
OPS-023-Meeting-Transcription-AI,Meeting Transcription Ai,operations,planned,planned,https://github.com/Worldwidebro/ops-023-meeting-transcription-ai,,,,
OPS-024-Task-Automation-AI,Task Automation Ai,operations,planned,planned,https://github.com/Worldwidebro/ops-024-task-automation-ai,,,,
OPS-025-Resource-Allocation-AI,Resource Allocation Ai,operations,planned,planned,https://github.com/Worldwidebro/ops-025-resource-allocation-ai,,,,
OPS-026-Budget-Planning-AI,Budget Planning Ai,operations,planned,planned,https://github.com/Worldwidebro/ops-026-budget-planning-ai,,,,
OPS-027-Cost-Optimization-AI,Cost Optimization Ai,operations,planned,planned,https://github.com/Worldwidebro/ops-027-cost-optimization-ai,,,,
OPS-028-Procurement-AI,Procurement Ai,operations,planned,planned,https://github.com/Worldwidebro/ops-028-procurement-ai,,,,
OPS-029-Vendor-Management-AI,Vendor Management Ai,operations,planned,planned,https://github.com/Worldwidebro/ops-029-vendor-management-ai,,,,
OPS-030-Contract-Negotiation-AI,Contract Negotiation Ai,operations,planned,planned,https://github.com/Worldwidebro/ops-030-contract-negotiation-ai,,,,
OPS-031-Legal-Document-AI,Legal Document Ai,operations,planned,planned,https://github.com/Worldwidebro/ops-031-legal-document-ai,,,,
OPS-032-Compliance-Reporting-AI,Compliance Reporting Ai,operations,planned,planned,https://github.com/Worldwidebro/ops-032-compliance-reporting-ai,,,,
OPS-033-Training-Content-AI,Training Content Ai,operations,planned,planned,https://github.com/Worldwidebro/ops-033-training-content-ai,,,,
OPS-034-Employee-Engagement-AI,Employee Engagement Ai,operations,planned,planned,https://github.com/Worldwidebro/ops-034-employee-engagement-ai,,,,
OPS-035-Succession-Planning-AI,Succession Planning Ai,operations,planned,planned,https://github.com/Worldwidebro/ops-035-succession-planning-ai,,,,
OPS-036-Workspace-Design-AI,Workspace Design Ai,operations,planned,planned,https://github.com/Worldwidebro/ops-036-workspace-design-ai,,,,
OPS-037-Energy-Efficiency-AI,Energy Efficiency Ai,operations,planned,planned,https://github.com/Worldwidebro/ops-037-energy-efficiency-ai,,,,
OPS-038-Security-Monitoring-AI,Security Monitoring Ai,operations,planned,planned,https://github.com/Worldwidebro/ops-038-security-monitoring-ai,,,,
OPS-039-Health-Safety-AI,Health Safety Ai,operations,planned,planned,https://github.com/Worldwidebro/ops-039-health-safety-ai,,,,
OPS-040-Disaster-Recovery-AI,Disaster Recovery Ai,operations,planned,planned,https://github.com/Worldwidebro/ops-040-disaster-recovery-ai,,,,
OPS-041-IT-Asset-Management,It Asset Management,operations,planned,planned,https://github.com/Worldwidebro/ops-041-it-asset-management,,,,
OPS-042-Cloud-Cost-Management,Cloud Cost Management,operations,planned,planned,https://github.com/Worldwidebro/ops-042-cloud-cost-management,,,,
OPS-043-Data-Governance-AI,Data Governance Ai,operations,planned,planned,https://github.com/Worldwidebro/ops-043-data-governance-ai,,,,
OPS-044-Network-Monitoring-AI,Network Monitoring Ai,operations,planned,planned,https://github.com/Worldwidebro/ops-044-network-monitoring-ai,,,,
OPS-045-Software-Licensing-AI,Software Licensing Ai,operations,planned,planned,https://github.com/Worldwidebro/ops-045-software-licensing-ai,,,,
OPS-046-IT-Procurement-AI,It Procurement Ai,operations,planned,planned,https://github.com/Worldwidebro/ops-046-it-procurement-ai,,,,
OPS-047-System-Integration-AI,System Integration Ai,operations,planned,planned,https://github.com/Worldwidebro/ops-047-system-integration-ai,,,,
OPS-048-Data-Backup-AI,Data Backup Ai,operations,planned,planned,https://github.com/Worldwidebro/ops-048-data-backup-ai,,,,
OPS-049-Business-Continuity-AI,Business Continuity Ai,operations,planned,planned,https://github.com/Worldwidebro/ops-049-business-continuity-ai,,,,
OPS-050-Compliance-Audit-AI,Compliance Audit Ai,operations,planned,planned,https://github.com/Worldwidebro/ops-050-compliance-audit-ai,,,,
OPS-051-Document-Collaboration-AI,Document Collaboration Ai,operations,planned,planned,https://github.com/Worldwidebro/ops-051-document-collaboration-ai,,,,
OPS-052-Video-Conferencing-AI,Video Conferencing Ai,operations,planned,planned,https://github.com/Worldwidebro/ops-052-video-conferencing-ai,,,,
OPS-053-Email-Management-AI,Email Management Ai,operations,planned,planned,https://github.com/Worldwidebro/ops-053-email-management-ai,,,,
OPS-054-Calendar-Optimization-AI,Calendar Optimization Ai,operations,planned,planned,https://github.com/Worldwidebro/ops-054-calendar-optimization-ai,,,,
OPS-055-Project-Budget-AI,Project Budget Ai,operations,planned,planned,https://github.com/Worldwidebro/ops-055-project-budget-ai,,,,
OPS-056-Resource-Forecasting-AI,Resource Forecasting Ai,operations,planned,planned,https://github.com/Worldwidebro/ops-056-resource-forecasting-ai,,,,
OPS-057-Task-Prioritization-AI,Task Prioritization Ai,operations,planned,planned,https://github.com/Worldwidebro/ops-057-task-prioritization-ai,,,,
OPS-058-Time-Management-AI,Time Management Ai,operations,planned,planned,https://github.com/Worldwidebro/ops-058-time-management-ai,,,,
OPS-059-Meeting-Minutes-AI,Meeting Minutes Ai,operations,planned,planned,https://github.com/Worldwidebro/ops-059-meeting-minutes-ai,,,,
OPS-060-Document-Translation-AI,Document Translation Ai,operations,planned,planned,https://github.com/Worldwidebro/ops-060-document-translation-ai,,,,
OPS-061-Form-Automation-AI,Form Automation Ai,operations,planned,planned,https://github.com/Worldwidebro/ops-061-form-automation-ai,,,,
OPS-062-Report-Generation-AI,Report Generation Ai,operations,planned,planned,https://github.com/Worldwidebro/ops-062-report-generation-ai,,,,
OPS-063-Dashboard-Creation-AI,Dashboard Creation Ai,operations,planned,planned,https://github.com/Worldwidebro/ops-063-dashboard-creation-ai,,,,
OPS-064-Analytics-Platform-AI,Analytics Platform Ai,operations,planned,planned,https://github.com/Worldwidebro/ops-064-analytics-platform-ai,,,,
OPS-065-Data-Cleaning-AI,Data Cleaning Ai,operations,planned,planned,https://github.com/Worldwidebro/ops-065-data-cleaning-ai,,,,
OPS-066-Workflow-Management-AI,Workflow Management Ai,operations,planned,planned,https://github.com/Worldwidebro/ops-066-workflow-management-ai,,,,
EDU-001-Youth-Entrepreneurship-Curriculum,Youth Entrepreneurship Curriculum,education,planned,planned,https://github.com/Worldwidebro/edu-001-youth-entrepreneurship-curriculum,,,,
EDU-002-AI-Literacy-Program,Ai Literacy Program,education,planned,planned,https://github.com/Worldwidebro/edu-002-ai-literacy-program,,,,
EDU-003-Coding-Mentor-Certification,Coding Mentor Certification,education,planned,planned,https://github.com/Worldwidebro/edu-003-coding-mentor-certification,,,,
EDU-004-Real-Estate-Licensing-Prep,Real Estate Licensing Prep,education,planned,planned,https://github.com/Worldwidebro/edu-004-real-estate-licensing-prep,,,,
EDU-005-Coding-Bootcamp,Coding Bootcamp,education,planned,planned,https://github.com/Worldwidebro/edu-005-coding-bootcamp,,,,
EDU-006-Homeschooling-Content-AI,Homeschooling Content Ai,education,planned,planned,https://github.com/Worldwidebro/edu-006-homeschooling-content-ai,,,,
EDU-007-AI-Tutoring-Platform,Ai Tutoring Platform,education,planned,planned,https://github.com/Worldwidebro/edu-007-ai-tutoring-platform,,,,
EDU-008-Branding-Templates-Marketplace,Branding Templates Marketplace,education,planned,planned,https://github.com/Worldwidebro/edu-008-branding-templates-marketplace,,,,
EDU-009-Voiceover-Script-Library,Voiceover Script Library,education,planned,planned,https://github.com/Worldwidebro/edu-009-voiceover-script-library,,,,
EDU-010-Trade-Skills-Bootcamp,Trade Skills Bootcamp,education,planned,planned,https://github.com/Worldwidebro/edu-010-trade-skills-bootcamp,,,,
EDU-011-Franchise-Blueprint-System,Franchise Blueprint System,education,planned,planned,https://github.com/Worldwidebro/edu-011-franchise-blueprint-system,,,,
EDU-012-Low-Income-Housing-Blueprint,Low Income Housing Blueprint,education,planned,planned,https://github.com/Worldwidebro/edu-012-low-income-housing-blueprint,,,,
EDU-013-Automated-Empire-Book,Automated Empire Book,education,planned,planned,https://github.com/Worldwidebro/edu-013-automated-empire-book,,,,
EDU-014-BIPOC-Creator-Incubator,Bipoc Creator Incubator,education,planned,planned,https://github.com/Worldwidebro/edu-014-bipoc-creator-incubator,,,,
EDU-015-AI-Legal-Doc-Generator,Ai Legal Doc Generator,education,planned,planned,https://github.com/Worldwidebro/edu-015-ai-legal-doc-generator,,,,
EDU-016-Virtual-Black-Art-Museum,Virtual Black Art Museum,education,planned,planned,https://github.com/Worldwidebro/edu-016-virtual-black-art-museum,,,,
EDU-017-AI-Coding-Tutor,Ai Coding Tutor,education,growth,active,https://github.com/Worldwidebro/edu-017-ai-coding-tutor,,,,
EDU-018-Online-Course-Creator,Online Course Creator,education,planned,planned,https://github.com/Worldwidebro/edu-018-online-course-creator,,,,
EDU-019-Executive-Education-Program,Executive Education Program,education,planned,planned,https://github.com/Worldwidebro/edu-019-executive-education-program,,,,
EDU-020-Youth-STEM-Program,Youth Stem Program,education,planned,planned,https://github.com/Worldwidebro/edu-020-youth-stem-program,,,,
EDU-021-Remote-Work-Certification,Remote Work Certification,education,planned,planned,https://github.com/Worldwidebro/edu-021-remote-work-certification,,,,
EDU-022-AI-Research-Assistant,Ai Research Assistant,education,planned,planned,https://github.com/Worldwidebro/edu-022-ai-research-assistant,,,,
EDU-023-Personal-Finance-Coach,Personal Finance Coach,education,planned,planned,https://github.com/Worldwidebro/edu-023-personal-finance-coach,,,,
EDU-024-Language-Learning-AI,Language Learning Ai,education,planned,planned,https://github.com/Worldwidebro/edu-024-language-learning-ai,,,,
EDU-025-Test-Preparation-AI,Test Preparation Ai,education,planned,planned,https://github.com/Worldwidebro/edu-025-test-preparation-ai,,,,
EDU-026-Corporate-Training-AI,Corporate Training Ai,education,planned,planned,https://github.com/Worldwidebro/edu-026-corporate-training-ai,,,,
EDU-027-Medical-Education-AI,Medical Education Ai,education,planned,planned,https://github.com/Worldwidebro/edu-027-medical-education-ai,,,,
EDU-028-Legal-Education-AI,Legal Education Ai,education,planned,planned,https://github.com/Worldwidebro/edu-028-legal-education-ai,,,,
EDU-029-Music-Education-AI,Music Education Ai,education,planned,planned,https://github.com/Worldwidebro/edu-029-music-education-ai,,,,
EDU-030-Art-Education-AI,Art Education Ai,education,planned,planned,https://github.com/Worldwidebro/edu-030-art-education-ai,,,,
EDU-031-Physical-Education-AI,Physical Education Ai,education,planned,planned,https://github.com/Worldwidebro/edu-031-physical-education-ai,,,,
EDU-032-Environmental-Education-AI,Environmental Education Ai,education,planned,planned,https://github.com/Worldwidebro/edu-032-environmental-education-ai,,,,
EDU-033-Social-Studies-AI,Social Studies Ai,education,planned,planned,https://github.com/Worldwidebro/edu-033-social-studies-ai,,,,
EDU-034-Math-Education-AI,Math Education Ai,education,planned,planned,https://github.com/Worldwidebro/edu-034-math-education-ai,,,,
EDU-035-Science-Education-AI,Science Education Ai,education,planned,planned,https://github.com/Worldwidebro/edu-035-science-education-ai,,,,
EDU-036-Reading-Comprehension-AI,Reading Comprehension Ai,education,planned,planned,https://github.com/Worldwidebro/edu-036-reading-comprehension-ai,,,,
EDU-037-Writing-Instruction-AI,Writing Instruction Ai,education,planned,planned,https://github.com/Worldwidebro/edu-037-writing-instruction-ai,,,,
EDU-038-Critical-Thinking-AI,Critical Thinking Ai,education,planned,planned,https://github.com/Worldwidebro/edu-038-critical-thinking-ai,,,,
EDU-039-Emotional-Intelligence-AI,Emotional Intelligence Ai,education,planned,planned,https://github.com/Worldwidebro/edu-039-emotional-intelligence-ai,,,,
EDU-040-Time-Management-AI,Time Management Ai,education,planned,planned,https://github.com/Worldwidebro/edu-040-time-management-ai,,,,
COMM-001-Luminary-Worldwide-Events,Luminary Worldwide Events,community,planned,planned,https://github.com/Worldwidebro/comm-001-luminary-worldwide-events,,,,
COMM-002-Brotherhood-Coaching-Network,Brotherhood Coaching Network,community,planned,planned,https://github.com/Worldwidebro/comm-002-brotherhood-coaching-network,,,,
COMM-003-Ace-Senior-Care-Connect,Ace Senior Care Connect,community,planned,planned,https://github.com/Worldwidebro/comm-003-ace-senior-care-connect,,,,
COMM-004-Community-Outreach-Nonprofit,Community Outreach Nonprofit,community,planned,planned,https://github.com/Worldwidebro/comm-004-community-outreach-nonprofit,,,,
COMM-005-Ace-Food-Security-AI,Ace Food Security Ai,community,planned,planned,https://github.com/Worldwidebro/comm-005-ace-food-security-ai,,,,
COMM-006-Community-Technology-Access-AI,Community Technology Access Ai,community,planned,planned,https://github.com/Worldwidebro/comm-006-community-technology-access-ai,,,,
COMM-007-Youth-Leadership-AI,Youth Leadership Ai,community,planned,planned,https://github.com/Worldwidebro/comm-007-youth-leadership-ai,,,,
COMM-008-Community-Fundraising-AI,Community Fundraising Ai,community,planned,planned,https://github.com/Worldwidebro/comm-008-community-fundraising-ai,,,,
COMM-009-Volunteer-Hub-AI,Volunteer Hub Ai,community,planned,planned,https://github.com/Worldwidebro/comm-009-volunteer-hub-ai,,,,
COMM-010-Disaster-Relief-AI,Disaster Relief Ai,community,planned,planned,https://github.com/Worldwidebro/comm-010-disaster-relief-ai,,,,
COMM-011-Indigenous-Creator-Hub,Indigenous Creator Hub,community,planned,planned,https://github.com/Worldwidebro/comm-011-indigenous-creator-hub,,,,
COMM-012-Black-Art-Museum-AI,Black Art Museum Ai,community,planned,planned,https://github.com/Worldwidebro/comm-012-black-art-museum-ai,,,,
COMM-013-Women-s-Empowerment-Network,Women S Empowerment Network,community,planned,planned,https://github.com/Worldwidebro/comm-013-women-s-empowerment-network,,,,
COMM-014-Veterans-Support-AI,Veterans Support Ai,community,planned,planned,https://github.com/Worldwidebro/comm-014-veterans-support-ai,,,,
COMM-015-Youth-Mentorship-Program,Youth Mentorship Program,community,planned,planned,https://github.com/Worldwidebro/comm-015-youth-mentorship-program,,,,
COMM-016-Community-Health-AI,Community Health Ai,community,planned,planned,https://github.com/Worldwidebro/comm-016-community-health-ai,,,,
COMM-017-Local-Business-Directory,Local Business Directory,community,planned,planned,https://github.com/Worldwidebro/comm-017-local-business-directory,,,,
COMM-018-Neighborhood-Watch-AI,Neighborhood Watch Ai,community,planned,planned,https://github.com/Worldwidebro/comm-018-neighborhood-watch-ai,,,,
COMM-019-Community-Garden-AI,Community Garden Ai,community,planned,planned,https://github.com/Worldwidebro/comm-019-community-garden-ai,,,,
COMM-020-Public-Transportation-AI,Public Transportation Ai,community,planned,planned,https://github.com/Worldwidebro/comm-020-public-transportation-ai,,,,
COMM-021-Housing-Assistance-AI,Housing Assistance Ai,community,planned,planned,https://github.com/Worldwidebro/comm-021-housing-assistance-ai,,,,
COMM-022-Job-Training-Center,Job Training Center,community,planned,planned,https://github.com/Worldwidebro/comm-022-job-training-center,,,,
COMM-023-Elder-Companion-AI,Elder Companion Ai,community,planned,planned,https://github.com/Worldwidebro/comm-023-elder-companion-ai,,,,
COMM-024-Youth-Sports-AI,Youth Sports Ai,community,planned,planned,https://github.com/Worldwidebro/comm-024-youth-sports-ai,,,,
COMM-025-Community-Legal-Aid,Community Legal Aid,community,planned,planned,https://github.com/Worldwidebro/comm-025-community-legal-aid,,,,
COMM-026-Public-Education-AI,Public Education Ai,community,planned,planned,https://github.com/Worldwidebro/comm-026-public-education-ai,,,,
COMM-027-Local-Government-AI,Local Government Ai,community,planned,planned,https://github.com/Worldwidebro/comm-027-local-government-ai,,,,
COMM-028-Public-Safety-AI,Public Safety Ai,community,planned,planned,https://github.com/Worldwidebro/comm-028-public-safety-ai,,,,
COMM-029-Community-Wellness-AI,Community Wellness Ai,community,planned,planned,https://github.com/Worldwidebro/comm-029-community-wellness-ai,,,,
COMM-030-Cultural-Exchange-AI,Cultural Exchange Ai,community,planned,planned,https://github.com/Worldwidebro/comm-030-cultural-exchange-ai,,,,
COMM-031-Community-Investment-AI,Community Investment Ai,community,planned,planned,https://github.com/Worldwidebro/comm-031-community-investment-ai,,,,
COMM-032-Public-Health-AI,Public Health Ai,community,planned,planned,https://github.com/Worldwidebro/comm-032-public-health-ai,,,,
COMM-033-Youth-Innovation-Hub,Youth Innovation Hub,community,planned,planned,https://github.com/Worldwidebro/comm-033-youth-innovation-hub,,,,
COMM-034-Senior-Tech-Support,Senior Tech Support,community,planned,planned,https://github.com/Worldwidebro/comm-034-senior-tech-support,,,,
COMM-035-Community-Arts-AI,Community Arts Ai,community,planned,planned,https://github.com/Worldwidebro/comm-035-community-arts-ai,,,,
COMM-036-Public-Infrastructure-AI,Public Infrastructure Ai,community,planned,planned,https://github.com/Worldwidebro/comm-036-public-infrastructure-ai,,,,
COMM-037-Neighborhood-Development-AI,Neighborhood Development Ai,community,planned,planned,https://github.com/Worldwidebro/comm-037-neighborhood-development-ai,,,,
COMM-038-Community-Policing-AI,Community Policing Ai,community,planned,planned,https://github.com/Worldwidebro/comm-038-community-policing-ai,,,,
COMM-039-Public-Space-AI,Public Space Ai,community,planned,planned,https://github.com/Worldwidebro/comm-039-public-space-ai,,,,
COMM-040-Community-Recycling-AI,Community Recycling Ai,community,planned,planned,https://github.com/Worldwidebro/comm-040-community-recycling-ai,,,,
COMM-041-Public-Wi-Fi-AI,Public Wi Fi Ai,community,planned,planned,https://github.com/Worldwidebro/comm-041-public-wi-fi-ai,,,,
COMM-042-Community-Energy-AI,Community Energy Ai,community,planned,planned,https://github.com/Worldwidebro/comm-042-community-energy-ai,,,,
COMM-043-Local-Food-Network-AI,Local Food Network Ai,community,planned,planned,https://github.com/Worldwidebro/comm-043-local-food-network-ai,,,,
COMM-044-Community-Volunteering-AI,Community Volunteering Ai,community,planned,planned,https://github.com/Worldwidebro/comm-044-community-volunteering-ai,,,,
COMM-045-Public-Childcare-AI,Public Childcare Ai,community,planned,planned,https://github.com/Worldwidebro/comm-045-public-childcare-ai,,,,
COMM-046-Community-Pet-Care-AI,Community Pet Care Ai,community,planned,planned,https://github.com/Worldwidebro/comm-046-community-pet-care-ai,,,,
COMM-047-Public-Fitness-AI,Public Fitness Ai,community,planned,planned,https://github.com/Worldwidebro/comm-047-public-fitness-ai,,,,
COMM-048-Community-Transportation-AI,Community Transportation Ai,community,planned,planned,https://github.com/Worldwidebro/comm-048-community-transportation-ai,,,,
COMM-049-Public-Event-AI,Public Event Ai,community,planned,planned,https://github.com/Worldwidebro/comm-049-public-event-ai,,,,
COMM-050-Community-Cultural-AI,Community Cultural Ai,community,planned,planned,https://github.com/Worldwidebro/comm-050-community-cultural-ai,,,,
EM-001-Space-Habitat-AI,Space Habitat Ai,emerging,planned,planned,https://github.com/Worldwidebro/em-001-space-habitat-ai,,,,
EM-002-Fusion-Energy-AI,Fusion Energy Ai,emerging,planned,planned,https://github.com/Worldwidebro/em-002-fusion-energy-ai,,,,
EM-003-Teleportation-Research-AI,Teleportation Research Ai,emerging,planned,planned,https://github.com/Worldwidebro/em-003-teleportation-research-ai,,,,
EM-004-Climate-Solutions-AI,Climate Solutions Ai,emerging,planned,planned,https://github.com/Worldwidebro/em-004-climate-solutions-ai,,,,
EM-005-Holographic-Events-AI,Holographic Events Ai,emerging,planned,planned,https://github.com/Worldwidebro/em-005-holographic-events-ai,,,,
EM-006-Neurofeedback-AI,Neurofeedback Ai,emerging,planned,planned,https://github.com/Worldwidebro/em-006-neurofeedback-ai,,,,
EM-007-Autonomous-Delivery-AI,Autonomous Delivery Ai,emerging,planned,planned,https://github.com/Worldwidebro/em-007-autonomous-delivery-ai,,,,
EM-008-Gene-Editing-AI,Gene Editing Ai,emerging,planned,planned,https://github.com/Worldwidebro/em-008-gene-editing-ai,,,,
EM-009-Space-Tourism-AI,Space Tourism Ai,emerging,planned,planned,https://github.com/Worldwidebro/em-009-space-tourism-ai,,,,
EM-010-Wearables-AI,Wearables Ai,emerging,planned,planned,https://github.com/Worldwidebro/em-010-wearables-ai,,,,
EM-011-Metaverse-Hub-AI,Metaverse Hub Ai,emerging,planned,planned,https://github.com/Worldwidebro/em-011-metaverse-hub-ai,,,,
EM-012-Energy-Grid-AI,Energy Grid Ai,emerging,planned,planned,https://github.com/Worldwidebro/em-012-energy-grid-ai,,,,
EM-013-Brain-Computer-Interface,Brain Computer Interface,emerging,planned,planned,https://github.com/Worldwidebro/em-013-brain-computer-interface,,,,
EM-014-Ocean-Cleanup-AI,Ocean Cleanup Ai,emerging,planned,planned,https://github.com/Worldwidebro/em-014-ocean-cleanup-ai,,,,
EM-015-Crypto-Trading-AI,Crypto Trading Ai,emerging,planned,planned,https://github.com/Worldwidebro/em-015-crypto-trading-ai,,,,
EM-016-Synthetic-Media-AI,Synthetic Media Ai,emerging,planned,planned,https://github.com/Worldwidebro/em-016-synthetic-media-ai,,,,
EM-017-Space-Mining-AI,Space Mining Ai,emerging,planned,planned,https://github.com/Worldwidebro/em-017-space-mining-ai,,,,
EM-018-VR-Therapy-AI,Vr Therapy Ai,emerging,planned,planned,https://github.com/Worldwidebro/em-018-vr-therapy-ai,,,,
EM-019-Weather-Prediction-AI,Weather Prediction Ai,emerging,planned,planned,https://github.com/Worldwidebro/em-019-weather-prediction-ai,,,,
EM-020-Autonomous-Farming-AI,Autonomous Farming Ai,emerging,planned,planned,https://github.com/Worldwidebro/em-020-autonomous-farming-ai,,,,
EM-021-Traffic-Optimizer-AI,Traffic Optimizer Ai,emerging,planned,planned,https://github.com/Worldwidebro/em-021-traffic-optimizer-ai,,,,
EM-022-Smart-Grid-AI,Smart Grid Ai,emerging,planned,planned,https://github.com/Worldwidebro/em-022-smart-grid-ai,,,,
EM-023-Disaster-Prediction-AI,Disaster Prediction Ai,emerging,planned,planned,https://github.com/Worldwidebro/em-023-disaster-prediction-ai,,,,
EM-024-Nanotech-AI,Nanotech Ai,emerging,planned,planned,https://github.com/Worldwidebro/em-024-nanotech-ai,,,,
EM-025-Personalized-Medicine-AI,Personalized Medicine Ai,emerging,planned,planned,https://github.com/Worldwidebro/em-025-personalized-medicine-ai,,,,
EM-026-AI-Diagnostic-Lab,Ai Diagnostic Lab,emerging,planned,planned,https://github.com/Worldwidebro/em-026-ai-diagnostic-lab,,,,
EM-027-Sustainable-Cities-AI,Sustainable Cities Ai,emerging,planned,planned,https://github.com/Worldwidebro/em-027-sustainable-cities-ai,,,,
EM-028-Renewable-Energy-AI,Renewable Energy Ai,emerging,planned,planned,https://github.com/Worldwidebro/em-028-renewable-energy-ai,,,,
EM-029-Climate-Modeling-AI,Climate Modeling Ai,emerging,planned,planned,https://github.com/Worldwidebro/em-029-climate-modeling-ai,,,,
EM-030-Policy-Advisor-AI,Policy Advisor Ai,emerging,planned,planned,https://github.com/Worldwidebro/em-030-policy-advisor-ai,,,,
EM-031-Governance-Hub-AI,Governance Hub Ai,emerging,planned,planned,https://github.com/Worldwidebro/em-031-governance-hub-ai,,,,
EM-032-Global-Challenges-AI,Global Challenges Ai,emerging,planned,planned,https://github.com/Worldwidebro/em-032-global-challenges-ai,,,,
EM-033-Space-Exploration-AI,Space Exploration Ai,emerging,planned,planned,https://github.com/Worldwidebro/em-033-space-exploration-ai,,,,
EM-034-Education-Equity-AI,Education Equity Ai,emerging,planned,planned,https://github.com/Worldwidebro/em-034-education-equity-ai,,,,
EM-035-Health-Equity-AI,Health Equity Ai,emerging,planned,planned,https://github.com/Worldwidebro/em-035-health-equity-ai,,,,
EM-036-Economic-Equity-AI,Economic Equity Ai,emerging,planned,planned,https://github.com/Worldwidebro/em-036-economic-equity-ai,,,,
EM-037-Environmental-Justice-AI,Environmental Justice Ai,emerging,planned,planned,https://github.com/Worldwidebro/em-037-environmental-justice-ai,,,,
EM-038-Human-Rights-AI,Human Rights Ai,emerging,planned,planned,https://github.com/Worldwidebro/em-038-human-rights-ai,,,,
EM-039-Peacebuilding-AI,Peacebuilding Ai,emerging,planned,planned,https://github.com/Worldwidebro/em-039-peacebuilding-ai,,,,
EM-040-Telemedicine-AI,Telemedicine Ai,emerging,planned,planned,https://github.com/Worldwidebro/em-040-telemedicine-ai,,,,
EM-041-AI-Climate-Adaptation,Ai Climate Adaptation,emerging,planned,planned,https://github.com/Worldwidebro/em-041-ai-climate-adaptation,,,,
EM-042-Space-Agriculture-AI,Space Agriculture Ai,emerging,planned,planned,https://github.com/Worldwidebro/em-042-space-agriculture-ai,,,,
EM-043-Quantum-Communication-AI,Quantum Communication Ai,emerging,planned,planned,https://github.com/Worldwidebro/em-043-quantum-communication-ai,,,,
EM-044-Robotics-Surgery-AI,Robotics Surgery Ai,emerging,planned,planned,https://github.com/Worldwidebro/em-044-robotics-surgery-ai,,,,
EM-045-AI-Disaster-Response,Ai Disaster Response,emerging,planned,planned,https://github.com/Worldwidebro/em-045-ai-disaster-response,,,,
EM-046-Smart-City-Governance,Smart City Governance,emerging,planned,planned,https://github.com/Worldwidebro/em-046-smart-city-governance,,,,
EM-047-AI-Environmental-Monitoring,Ai Environmental Monitoring,emerging,planned,planned,https://github.com/Worldwidebro/em-047-ai-environmental-monitoring,,,,
EM-048-Space-Manufacturing-AI,Space Manufacturing Ai,emerging,planned,planned,https://github.com/Worldwidebro/em-048-space-manufacturing-ai,,,,
EM-049-AI-Ocean-Exploration,Ai Ocean Exploration,emerging,planned,planned,https://github.com/Worldwidebro/em-049-ai-ocean-exploration,,,,
EM-050-AI-Archaeology,Ai Archaeology,emerging,planned,planned,https://github.com/Worldwidebro/em-050-ai-archaeology,,,,
SPEC-001-AI-Auction-House,Ai Auction House,specialized,planned,planned,https://github.com/Worldwidebro/spec-001-ai-auction-house,,,,
SPEC-002-Smart-Marina-Management,Smart Marina Management,specialized,planned,planned,https://github.com/Worldwidebro/spec-002-smart-marina-management,,,,
SPEC-003-AI-Surf-Report,Ai Surf Report,specialized,planned,planned,https://github.com/Worldwidebro/spec-003-ai-surf-report,,,,
SPEC-004-Private-Chef-AI,Private Chef Ai,specialized,planned,planned,https://github.com/Worldwidebro/spec-004-private-chef-ai,,,,
SPEC-005-Virtual-Concierge-AI,Virtual Concierge Ai,specialized,planned,planned,https://github.com/Worldwidebro/spec-005-virtual-concierge-ai,,,,
SPEC-006-Smart-Parking-AI,Smart Parking Ai,specialized,planned,planned,https://github.com/Worldwidebro/spec-006-smart-parking-ai,,,,
SPEC-007-AI-Interior-Design,Ai Interior Design,specialized,planned,planned,https://github.com/Worldwidebro/spec-007-ai-interior-design,,,,
SPEC-008-Personal-Stylist-AI,Personal Stylist Ai,specialized,planned,planned,https://github.com/Worldwidebro/spec-008-personal-stylist-ai,,,,
SPEC-009-Smart-Locker-System,Smart Locker System,specialized,planned,planned,https://github.com/Worldwidebro/spec-009-smart-locker-system,,,,
SPEC-010-AI-Fitness-Coach,Ai Fitness Coach,specialized,planned,planned,https://github.com/Worldwidebro/spec-010-ai-fitness-coach,,,,
SPEC-011-Smart-Golf-Caddie,Smart Golf Caddie,specialized,planned,planned,https://github.com/Worldwidebro/spec-011-smart-golf-caddie,,,,
SPEC-012-AI-Nutritionist,Ai Nutritionist,specialized,planned,planned,https://github.com/Worldwidebro/spec-012-ai-nutritionist,,,,
SPEC-013-Smart-Hotel-Butler,Smart Hotel Butler,specialized,planned,planned,https://github.com/Worldwidebro/spec-013-smart-hotel-butler,,,,
SPEC-014-AI-Language-Tutor,Ai Language Tutor,specialized,planned,planned,https://github.com/Worldwidebro/spec-014-ai-language-tutor,,,,
SPEC-015-Smart-Transportation-AI,Smart Transportation Ai,specialized,planned,planned,https://github.com/Worldwidebro/spec-015-smart-transportation-ai,,,,
SPEC-016-AI-Travel-Planner,Ai Travel Planner,specialized,planned,planned,https://github.com/Worldwidebro/spec-016-ai-travel-planner,,,,
SPEC-017-Smart-Agriculture-AI,Smart Agriculture Ai,specialized,planned,planned,https://github.com/Worldwidebro/spec-017-smart-agriculture-ai,,,,
SPEC-018-AI-Personal-Shopper,Ai Personal Shopper,specialized,planned,planned,https://github.com/Worldwidebro/spec-018-ai-personal-shopper,,,,
SPEC-019-Smart-Home-Security,Smart Home Security,specialized,planned,planned,https://github.com/Worldwidebro/spec-019-smart-home-security,,,,
SPEC-020-AI-Music-Producer,Ai Music Producer,specialized,planned,planned,https://github.com/Worldwidebro/spec-020-ai-music-producer,,,,
SPEC-021-Smart-Restaurant-AI,Smart Restaurant Ai,specialized,planned,planned,https://github.com/Worldwidebro/spec-021-smart-restaurant-ai,,,,
SPEC-022-AI-Movie-Critic,Ai Movie Critic,specialized,planned,planned,https://github.com/Worldwidebro/spec-022-ai-movie-critic,,,,
SPEC-023-Smart-Museum-Guide,Smart Museum Guide,specialized,planned,planned,https://github.com/Worldwidebro/spec-023-smart-museum-guide,,,,
SPEC-024-AI-Sports-Analyst,Ai Sports Analyst,specialized,planned,planned,https://github.com/Worldwidebro/spec-024-ai-sports-analyst,,,,
SPEC-025-Smart-Library-AI,Smart Library Ai,specialized,planned,planned,https://github.com/Worldwidebro/spec-025-smart-library-ai,,,,
SPEC-026-AI-Art-Curator,Ai Art Curator,specialized,planned,planned,https://github.com/Worldwidebro/spec-026-ai-art-curator,,,,
SPEC-027-Smart-Fitness-AI,Smart Fitness Ai,specialized,planned,planned,https://github.com/Worldwidebro/spec-027-smart-fitness-ai,,,,
SPEC-028-AI-Poetry-Generator,Ai Poetry Generator,specialized,planned,planned,https://github.com/Worldwidebro/spec-028-ai-poetry-generator,,,,
SPEC-029-Smart-Dating-AI,Smart Dating Ai,specialized,planned,planned,https://github.com/Worldwidebro/spec-029-smart-dating-ai,,,,
SPEC-030-AI-Journalism-Tool,Ai Journalism Tool,specialized,planned,planned,https://github.com/Worldwidebro/spec-030-ai-journalism-tool,,,,
SPEC-031-Smart-Legal-AI,Smart Legal Ai,specialized,planned,planned,https://github.com/Worldwidebro/spec-031-smart-legal-ai,,,,
SPEC-032-AI-Game-Designer,Ai Game Designer,specialized,growth,active,https://github.com/Worldwidebro/spec-032-ai-game-designer,,,,
SPEC-033-Smart-Real-Estate-AI,Smart Real Estate Ai,specialized,planned,planned,https://github.com/Worldwidebro/spec-033-smart-real-estate-ai,,,,
SPEC-034-AI-Cooking-Assistant,Ai Cooking Assistant,specialized,planned,planned,https://github.com/Worldwidebro/spec-034-ai-cooking-assistant,,,,
SPEC-035-Smart-Health-AI,Smart Health Ai,specialized,planned,planned,https://github.com/Worldwidebro/spec-035-smart-health-ai,,,,
SPEC-036-AI-Photography-Tool,Ai Photography Tool,specialized,planned,planned,https://github.com/Worldwidebro/spec-036-ai-photography-tool,,,,
SPEC-037-Smart-Writing-AI,Smart Writing Ai,specialized,planned,planned,https://github.com/Worldwidebro/spec-037-smart-writing-ai,,,,
SPEC-038-AI-Comedy-Writer,Ai Comedy Writer,specialized,planned,planned,https://github.com/Worldwidebro/spec-038-ai-comedy-writer,,,,
SPEC-039-Smart-Meditation-AI,Smart Meditation Ai,specialized,planned,planned,https://github.com/Worldwidebro/spec-039-smart-meditation-ai,,,,
SPEC-040-AI-Debate-Coach,Ai Debate Coach,specialized,planned,planned,https://github.com/Worldwidebro/spec-040-ai-debate-coach,,,,
SPEC-041-Smart-Parenting-AI,Smart Parenting Ai,specialized,planned,planned,https://github.com/Worldwidebro/spec-041-smart-parenting-ai,,,,
SPEC-042-AI-Financial-Advisor,Ai Financial Advisor,specialized,planned,planned,https://github.com/Worldwidebro/spec-042-ai-financial-advisor,,,,
SPEC-043-Smart-Automotive-AI,Smart Automotive Ai,specialized,planned,planned,https://github.com/Worldwidebro/spec-043-smart-automotive-ai,,,,
SPEC-044-AI-Aviation-Planner,Ai Aviation Planner,specialized,planned,planned,https://github.com/Worldwidebro/spec-044-ai-aviation-planner,,,,
SPEC-045-Smart-Maritime-AI,Smart Maritime Ai,specialized,planned,planned,https://github.com/Worldwidebro/spec-045-smart-maritime-ai,,,,
SPEC-046-AI-Weather-Forecast,Ai Weather Forecast,specialized,planned,planned,https://github.com/Worldwidebro/spec-046-ai-weather-forecast,,,,
SPEC-047-Smart-Energy-AI,Smart Energy Ai,specialized,planned,planned,https://github.com/Worldwidebro/spec-047-smart-energy-ai,,,,
SPEC-048-AI-Sports-Coach,Ai Sports Coach,specialized,planned,planned,https://github.com/Worldwidebro/spec-048-ai-sports-coach,,,,
SPEC-049-Smart-Education-AI,Smart Education Ai,specialized,planned,planned,https://github.com/Worldwidebro/spec-049-smart-education-ai,,,,
SPEC-050-AI-Language-Translator,Ai Language Translator,specialized,planned,planned,https://github.com/Worldwidebro/spec-050-ai-language-translator,,,,
FI-dist,Dist,financial,planned,planned,https://github.com/Worldwidebro/dist,,,,
FI-node_modules,Node_Modules,financial,planned,planned,https://github.com/Worldwidebro/node_modules,,,,
FI-public,Public,financial,planned,planned,https://github.com/Worldwidebro/public,,,,
FI-src,Src,financial,planned,planned,https://github.com/Worldwidebro/src,,,,
FI-supabase,Supabase,financial,planned,planned,https://github.com/Worldwidebro/supabase,,,,
